20251022 08:00:00,4.79,5.36,4.53,4.8675,0,0,2,2,0
20251022 08:01:00,4.79,5.05,4.79,4.9575,0,0,2,2,0
20251022 08:02:00,4.98,5,4.88,4.9375,0,0,2,2,0
20251022 08:03:00,4.935,4.96,4.86,4.91,0,0,2,2,0
20251022 08:04:00,4.91,5.06,4.87,4.965,0,0,2,2,0
20251022 08:05:00,4.965,5.24,4.965,5.1425,0,0,2,2,0
20251022 08:06:00,5.145,5.4,5.145,5.3125,0,0,2,2,0
20251022 08:07:00,5.315,5.4,5.22,5.3175,0,0,2,2,0
20251022 08:08:00,5.325,5.45,5.18,5.33,0,0,2,2,2
20251022 08:09:00,5.345,5.43,5.2,5.3375,0,0,2,2,0
20251022 08:10:00,5.36,5.36,5.14,5.245,0,0,2,2,1
20251022 08:11:00,5.27,5.33,5.24,5.28,0,0,2,2,0
20251022 08:12:00,5.275,5.34,5.27,5.3,0,0,2,2,0
20251022 08:13:00,5.295,5.32,5.25,5.2975,0,0,2,2,0
20251022 08:14:00,5.31,5.43,5.31,5.345,0,0,2,2,0
20251022 08:15:00,5.32,5.44,5.26,5.3625,0,0,2,2,0
20251022 08:16:00,5.375,5.44,5.32,5.3825,0,0,2,2,0
20251022 08:17:00,5.385,5.45,5.35,5.3925,0,0,2,2,0
20251022 08:18:00,5.385,5.49,5.37,5.434999,0,0,2,2,0
20251022 08:19:00,5.44,5.55,5.4,5.47,0,0,2,2,2
20251022 08:20:00,5.465,5.465,5.35,5.425,0,0,2,2,1
20251022 08:21:00,5.445,5.46,5.42,5.4425,0,0,2,2,0
20251022 08:22:00,5.445,5.5,5.445,5.47,0,0,2,2,0
20251022 08:23:00,5.465,5.51,5.45,5.4775,0,0,2,2,2
20251022 08:24:00,5.475,5.48,5.42,5.4575,0,0,2,2,0
20251022 08:25:00,5.465,5.49,5.36,5.4325,0,0,2,2,1
20251022 08:26:00,5.44,5.45,5.41,5.4325,0,0,2,2,0
20251022 08:27:00,5.435,5.44,5.4,5.425,0,0,2,2,0
20251022 08:28:00,5.43,5.43,5.38,5.4,0,0,2,2,0
20251022 08:29:00,5.4,5.49,5.39,5.4325,0,0,2,2,2
20251022 08:30:00,5.425,5.46,5.39,5.43,0,0,2,2,0
20251022 08:31:00,5.435,5.435,5.34,5.3775,0,0,2,2,0
20251022 08:32:00,5.375,5.41,5.23,5.345,0,0,2,2,1
20251022 08:33:00,5.37,5.41,5.35,5.3825,0,0,2,2,0
20251022 08:34:00,5.385,5.43,5.38,5.4,0,0,2,2,0
20251022 08:35:00,5.395,5.4,5.37,5.39,0,0,2,2,0
20251022 08:36:00,5.395,5.4,5.38,5.39,0,0,2,2,0
20251022 08:37:00,5.39,5.39,5.37,5.38,0,0,2,2,0
20251022 08:38:00,5.38,5.38,5.34,5.36,0,0,2,2,1
20251022 08:39:00,5.36,5.4,5.36,5.375,0,0,2,2,0
20251022 08:40:00,5.37,5.4,5.37,5.3875,0,0,2,2,0
20251022 08:41:00,5.39,5.5,5.39,5.44,0,0,2,2,2
20251022 08:42:00,5.435,5.5,5.435,5.4675,0,0,2,2,2
20251022 08:43:00,5.465,5.5,5.465,5.485,0,0,2,2,0
20251022 08:44:00,5.485,5.5,5.47,5.4825,0,0,2,2,0
20251022 08:45:00,5.48,5.84,5.48,5.6575,0,0,2,2,0
20251022 08:46:00,5.655,5.9,5.655,5.79,0,0,2,2,0
20251022 08:47:00,5.785,5.95,5.69,5.815,0,0,2,2,0
20251022 08:48:00,5.81,6.01,5.81,5.925,0,0,2,2,0
20251022 08:49:00,5.91,5.99,5.91,5.955,0,0,2,2,0
20251022 08:50:00,5.96,6.26,5.96,6.125,0,0,2,2,0
20251022 08:51:00,6.125,6.38,6.125,6.29,0,0,2,2,0
20251022 08:52:00,6.265,6.27,6.09,6.2175,0,0,2,2,0
20251022 08:53:00,6.255,6.4,6.23,6.3125,0,0,2,2,0
20251022 08:54:00,6.31,6.49,6.31,6.435,0,0,2,2,0
20251022 08:55:00,6.435,6.7,6.4,6.55,0,0,2,2,0
20251022 08:56:00,6.55,6.95,6.55,6.69,0,0,2,2,2
20251022 08:57:00,6.605,6.62,6.28,6.4975,0,0,2,2,1
20251022 08:58:00,6.545,6.73,6.47,6.57,0,0,2,2,0
20251022 08:59:00,6.54,6.62,6.45,6.535,0,0,2,2,0
20251022 09:00:00,6.535,6.535,6.16,6.3575,0,0,2,2,1
20251022 09:01:00,6.385,6.51,6.29,6.400001,0,0,2,2,0
20251022 09:02:00,6.4,6.65,6.4,6.5475,0,0,2,2,2
20251022 09:03:00,6.52,6.55,6.39,6.475,0,0,2,2,0
20251022 09:04:00,6.48,6.5,6.39,6.4275,0,0,2,2,0
20251022 09:05:00,6.41,6.45,6.29,6.3925,0,0,2,2,1
20251022 09:06:00,6.415,6.53,6.415,6.4875,0,0,2,2,0
20251022 09:07:00,6.485,6.53,6.42,6.4825,0,0,2,2,2
20251022 09:08:00,6.49,6.5,6.39,6.45,0,0,2,2,0
20251022 09:09:00,6.455,6.5,6.42,6.455,0,0,2,2,0
20251022 09:10:00,6.45,6.7,6.45,6.57,0,0,2,2,2
20251022 09:11:00,6.565,6.7,6.47,6.6,0,0,2,2,2
20251022 09:12:00,6.615,6.615,6.56,6.5725,0,0,2,2,0
20251022 09:13:00,6.56,6.62,6.56,6.5775,0,0,2,2,0
20251022 09:14:00,6.565,6.95,6.565,6.7425,0,0,2,2,2
20251022 09:15:00,6.725,6.87,6.5,6.7525,0,0,2,2,1
20251022 09:16:00,6.82,6.82,6.66,6.74,0,0,2,2,0
20251022 09:17:00,6.76,7.18,6.74,6.935,0,0,2,2,0
20251022 09:18:00,6.91,7.41,6.91,7.2175,0,0,2,2,0
20251022 09:19:00,7.23,7.61,7.23,7.4725,0,0,2,2,0
20251022 09:20:00,7.495,7.64,7.26,7.4975,0,0,2,2,0
20251022 09:21:00,7.545,7.57,7.29,7.41,0,0,2,2,0
20251022 09:22:00,7.39,7.73,7.31,7.5175,0,0,2,2,0
20251022 09:23:00,7.515,7.84,7.5,7.715,0,0,2,2,0
20251022 09:24:00,7.76,7.95,7.69,7.84,0,0,2,2,0
20251022 09:25:00,7.86,8.56,7.5,8.127501,0,0,2,2,0
20251022 09:26:00,8.225,8.85,8.09,8.477501,0,0,2,2,2
20251022 09:27:00,8.485001,8.71,8.16,8.5,0,0,2,2,0
20251022 09:28:00,8.565001,8.8,8.34,8.575,0,0,2,2,0
20251022 09:29:00,8.58,8.75,8.4,8.54,0,0,2,2,0
20251022 09:30:00,8.505,8.56,8.1,8.405001,0,0,2,2,0
20251022 09:31:00,8.48,8.48,7.88,8.15,0,0,2,2,0
20251022 09:32:00,8.15,8.15,6.62,7.32,0,0,2,2,1
20251022 09:33:00,7.38,7.83,6.83,7.31,0,0,2,2,0
20251022 09:34:00,7.29,7.85,7.29,7.62,0,0,2,2,0
20251022 09:35:00,7.615,7.79,7.49,7.615,0,0,2,2,0
20251022 09:36:00,7.59,8.3,7.59,7.9675,0,0,2,2,2
20251022 09:37:00,7.945,8.23,7.55,7.89,0,0,2,2,0
20251022 09:38:00,7.89,7.91,7.58,7.7175,0,0,2,2,0
20251022 09:39:00,7.69,7.9,7.67,7.81,0,0,2,2,0
20251022 09:40:00,7.835,7.88,7.49,7.7225,0,0,2,2,0
20251022 09:41:00,7.76,7.76,7.54,7.645,0,0,2,2,0
20251022 09:42:00,7.65,7.74,7.32,7.53,0,0,2,2,0
20251022 09:43:00,7.53,7.71,7.32,7.475,0,0,2,2,0
20251022 09:44:00,7.435,7.46,7.15,7.3575,0,0,2,2,0
20251022 09:45:00,7.41,7.41,6.73,7.0575,0,0,2,2,0
20251022 09:46:00,7.06,7.69,6.66,7.095,0,0,2,2,1
20251022 09:47:00,7.015,7.43,7.015,7.34,0,0,2,2,0
20251022 09:48:00,7.325,7.47,7.29,7.375,0,0,2,2,0
20251022 09:49:00,7.37,7.39,7.23,7.3225,0,0,2,2,0
20251022 09:50:00,7.335,7.335,7.13,7.225,0,0,2,2,0
20251022 09:51:00,7.235,7.33,7.15,7.215,0,0,2,2,0
20251022 09:52:00,7.19,7.45,7.06,7.25,0,0,2,2,1
20251022 09:53:00,7.245,7.34,7.18,7.2625,0,0,2,2,0
20251022 09:54:00,7.265,7.32,7.16,7.245,0,0,2,2,0
20251022 09:55:00,7.25,7.45,7.23,7.3075,0,0,2,2,2
20251022 09:56:00,7.275,7.35,7.1,7.2375,0,0,2,2,0
20251022 09:57:00,7.25,7.25,6.89,7.0825,0,0,2,2,1
20251022 09:58:00,7.14,7.25,7.1,7.155,0,0,2,2,0
20251022 09:59:00,7.135,7.18,7.05,7.1125,0,0,2,2,0
20251022 10:00:00,7.11,7.2,7.07,7.115,0,0,2,2,0
20251022 10:01:00,7.095,7.12,7.02,7.0775,0,0,2,2,1
20251022 10:02:00,7.085,7.18,7.03,7.1025,0,0,2,2,0
20251022 10:03:00,7.1,7.15,7.08,7.125,0,0,2,2,0
20251022 10:04:00,7.135,7.43,7.12,7.275,0,0,2,2,0
20251022 10:05:00,7.275,7.45,7.23,7.36,0,0,2,2,0
20251022 10:06:00,7.38,7.42,7.3,7.35,0,0,2,2,0
20251022 10:07:00,7.34,7.83,7.34,7.555,0,0,2,2,2
20251022 10:08:00,7.525,7.73,7.525,7.67,0,0,2,2,0
20251022 10:09:00,7.695,7.76,7.59,7.6775,0,0,2,2,0
20251022 10:10:00,7.68,7.69,7.3,7.535,0,0,2,2,1
20251022 10:11:00,7.575,7.68,7.48,7.545,0,0,2,2,0
20251022 10:12:00,7.51,7.63,7.5,7.57,0,0,2,2,0
20251022 10:13:00,7.575,7.62,7.47,7.5525,0,0,2,2,0
20251022 10:14:00,7.56,7.64,7.49,7.5625,0,0,2,2,0
20251022 10:15:00,7.56,7.76,7.48,7.605,0,0,2,2,2
20251022 10:16:00,7.59,7.59,7.33,7.47,0,0,2,2,1
20251022 10:17:00,7.48,7.48,7.38,7.42,0,0,2,2,0
20251022 10:18:00,7.41,7.63,7.35,7.5,0,0,2,2,0
20251022 10:19:00,7.51,7.61,7.49,7.5425,0,0,2,2,0
20251022 10:20:00,7.535,7.535,7.46,7.49,0,0,2,2,0
20251022 10:21:00,7.485,7.57,7.46,7.5025,0,0,2,2,0
20251022 10:22:00,7.49,7.52,7.4,7.4575,0,0,2,2,0
20251022 10:23:00,7.455,7.49,7.42,7.455,0,0,2,2,0
20251022 10:24:00,7.455,7.48,7.32,7.3975,0,0,2,2,0
20251022 10:25:00,7.395,7.48,7.24,7.355,0,0,2,2,1
20251022 10:26:00,7.35,7.4,7.34,7.38,0,0,2,2,0
20251022 10:27:00,7.39,7.47,7.31,7.405,0,0,2,2,0
20251022 10:28:00,7.42,7.46,7.37,7.4175,0,0,2,2,0
20251022 10:29:00,7.42,7.42,7.32,7.365,0,0,2,2,0
20251022 10:30:00,7.37,7.43,7.36,7.38,0,0,2,2,0
20251022 10:31:00,7.365,7.4,7.32,7.3625,0,0,2,2,0
20251022 10:32:00,7.365,7.37,7.24,7.32,0,0,2,2,0
20251022 10:33:00,7.335,7.335,7.13,7.245,0,0,2,2,0
20251022 10:34:00,7.275,7.29,7.12,7.215,0,0,2,2,0
20251022 10:35:00,7.225,7.225,7.14,7.1725,0,0,2,2,0
20251022 10:36:00,7.175,7.24,7.07,7.1375,0,0,2,2,0
20251022 10:37:00,7.12,7.12,7.03,7.06,0,0,2,2,0
20251022 10:38:00,7.05,7.25,7.01,7.1075,0,0,2,2,1
20251022 10:39:00,7.085,7.28,7.085,7.21,0,0,2,2,0
20251022 10:40:00,7.205,7.34,7.205,7.28,0,0,2,2,2
20251022 10:41:00,7.28,7.33,7.25,7.2825,0,0,2,2,0
20251022 10:42:00,7.275,7.33,7.23,7.26,0,0,2,2,0
20251022 10:43:00,7.24,7.27,7.15,7.2275,0,0,2,2,1
20251022 10:44:00,7.245,7.28,7.23,7.2575,0,0,2,2,0
20251022 10:45:00,7.26,7.27,7.21,7.252501,0,0,2,2,0
20251022 10:46:00,7.265,7.55,7.265,7.3725,0,0,2,2,2
20251022 10:47:00,7.335,7.49,7.335,7.4125,0,0,2,2,0
20251022 10:48:00,7.405,7.48,7.35,7.4275,0,0,2,2,0
20251022 10:49:00,7.44,7.48,7.27,7.3925,0,0,2,2,0
20251022 10:50:00,7.41,7.41,7.26,7.3325,0,0,2,2,1
20251022 10:51:00,7.34,7.38,7.3,7.3375,0,0,2,2,0
20251022 10:52:00,7.335,7.37,7.26,7.32,0,0,2,2,0
20251022 10:53:00,7.325,7.34,7.24,7.3025,0,0,2,2,0
20251022 10:54:00,7.315,7.33,7.23,7.2675,0,0,2,2,0
20251022 10:55:00,7.255,7.28,7.11,7.1875,0,0,2,2,1
20251022 10:56:00,7.18,7.26,7.12,7.175,0,0,2,2,0
20251022 10:57:00,7.16,7.22,7.14,7.185,0,0,2,2,0
20251022 10:58:00,7.19,7.19,7.07,7.14,0,0,2,2,0
20251022 10:59:00,7.16,7.21,7.16,7.1775,0,0,2,2,0
20251022 11:00:00,7.17,7.18,6.7,7.00775,0,0,2,2,1
20251022 11:01:00,7.0755,7.24,6.87,7.059999,0,0,2,2,2
20251022 11:02:00,7.065,7.18,7.065,7.1275,0,0,2,2,0
20251022 11:03:00,7.125,7.125,6.94,7.05,0,0,2,2,0
20251022 11:04:00,7.07,7.07,6.9,6.9825,0,0,2,2,0
20251022 11:05:00,6.99,6.99,6.8,6.9125,0,0,2,2,0
20251022 11:06:00,6.94,6.94,6.55,6.765,0,0,2,2,0
20251022 11:07:00,6.795,6.795,6.66,6.7025,0,0,2,2,0
20251022 11:08:00,6.7,6.72,6.23,6.5125,0,0,2,2,1
20251022 11:09:00,6.55,6.55,6.37,6.434999,0,0,2,2,0
20251022 11:10:00,6.43,6.8,6.43,6.63,0,0,2,2,0
20251022 11:11:00,6.63,6.81,6.63,6.765,0,0,2,2,2
20251022 11:12:00,6.775,6.775,6.59,6.6775,0,0,2,2,0
20251022 11:13:00,6.68,6.76,6.62,6.6725,0,0,2,2,0
20251022 11:14:00,6.655,6.69,6.61,6.665,0,0,2,2,0
20251022 11:15:00,6.68,6.74,6.62,6.6725,0,0,2,2,0
20251022 11:16:00,6.665,6.68,6.6,6.635,0,0,2,2,0
20251022 11:17:00,6.63,6.63,6.4,6.53,0,0,2,2,1
20251022 11:18:00,6.56,6.64,6.53,6.5775,0,0,2,2,0
20251022 11:19:00,6.57,6.75,6.57,6.6675,0,0,2,2,0
20251022 11:20:00,6.655,6.89,6.655,6.7675,0,0,2,2,0
20251022 11:21:00,6.74,6.85,6.74,6.81,0,0,2,2,0
20251022 11:22:00,6.815,6.9,6.815,6.865,0,0,2,2,2
20251022 11:23:00,6.865,6.9,6.81,6.865,0,0,2,2,2
20251022 11:24:00,6.875,6.9,6.72,6.8075,0,0,2,2,2
20251022 11:25:00,6.805,6.805,6.71,6.7575,0,0,2,2,0
20251022 11:26:00,6.765,6.79,6.68,6.74,0,0,2,2,0
20251022 11:27:00,6.745,6.75,6.67,6.7125,0,0,2,2,1
20251022 11:28:00,6.715,6.8,6.715,6.76,0,0,2,2,0
20251022 11:29:00,6.76,6.79,6.71,6.76,0,0,2,2,0
20251022 11:30:00,6.77,6.77,6.68,6.72,0,0,2,2,0
20251022 11:31:00,6.725,6.9,6.71,6.8025,0,0,2,2,0
20251022 11:32:00,6.8,6.99,6.8,6.9175,0,0,2,2,0
20251022 11:33:00,6.935,7,6.81,6.9175,0,0,2,2,2
20251022 11:34:00,6.93,6.93,6.76,6.8275,0,0,2,2,0
20251022 11:35:00,6.83,6.83,6.72,6.7625,0,0,2,2,0
20251022 11:36:00,6.75,6.79,6.68,6.7225,0,0,2,2,0
20251022 11:37:00,6.71,6.71,6.59,6.645,0,0,2,2,1
20251022 11:38:00,6.65,6.73,6.62,6.67,0,0,2,2,0
20251022 11:39:00,6.665,6.72,6.65,6.685,0,0,2,2,0
20251022 11:40:00,6.685,6.685,6.55,6.61,0,0,2,2,0
20251022 11:41:00,6.61,6.61,6.43,6.5025,0,0,2,2,0
20251022 11:42:00,6.5,6.5,6.32,6.4225,0,0,2,2,0
20251022 11:43:00,6.44,6.52,6.44,6.475,0,0,2,2,0
20251022 11:44:00,6.47,6.49,6.23,6.3725,0,0,2,2,0
20251022 11:45:00,6.385,6.4,6.22,6.3275,0,0,2,2,0
20251022 11:46:00,6.345,6.4,6.12,6.2675,0,0,2,2,0
20251022 11:47:00,6.275,6.275,6.09,6.175,0,0,2,2,0
20251022 11:48:00,6.17,6.21,5.9,6.06,0,0,2,2,0
20251022 11:49:00,6.065,6.11,5.93,6.0025,0,0,2,2,0
20251022 11:50:00,5.985,6.06,5.87,5.96,0,0,2,2,0
20251022 11:51:00,5.955,6.18,5.82,6.005,0,0,2,2,1
20251022 11:52:00,6.01,6.34,6.01,6.22,0,0,2,2,0
20251022 11:53:00,6.21,6.36,6.21,6.3125,0,0,2,2,0
20251022 11:54:00,6.32,6.38,6.22,6.3075,0,0,2,2,2
20251022 11:55:00,6.315,6.315,6.17,6.225,0,0,2,2,0
20251022 11:56:00,6.225,6.225,6.03,6.1075,0,0,2,2,0
20251022 11:57:00,6.115,6.16,6,6.0925,0,0,2,2,1
20251022 11:58:00,6.105,6.23,6.08,6.1375,0,0,2,2,0
20251022 11:59:00,6.12,6.2,6.08,6.1325,0,0,2,2,0
20251022 12:00:00,6.125,7.57,4.63,6.415,0,0,2,2,1
20251022 12:03:00,6.73,7.87,5.95,6.5175,0,0,2,2,2
20251022 12:04:00,6.125,6.52,5.82,6.2175,0,0,2,2,0
20251022 12:05:00,6.265,6.46,6.265,6.39245,0,0,2,2,0
20251022 12:06:00,6.3949,6.51,6.3949,6.4497,0,0,2,2,0
20251022 12:07:00,6.4444,6.5,6.42,6.4525,0,0,2,2,0
20251022 12:08:00,6.445,8.25,6.445,6.9175,0,0,2,2,2
20251022 12:09:00,6.485,8.23,6.449,7.24445,0,0,2,2,0
20251022 12:10:00,7.1494,7.1494,6.53,6.565001,0,0,2,2,0
20251022 12:11:00,6.56,6.63,6.53,6.575,0,0,2,2,0
20251022 12:12:00,6.57,6.62,6.57,6.6025,0,0,2,2,0
20251022 12:13:00,6.61,6.68,6.59,6.6425,0,0,2,2,0
20251022 12:14:00,6.65,6.71,6.65,6.684975,0,0,2,2,2
20251022 12:15:00,6.68995,6.71,6.55,6.627425,0,0,2,2,2
20251022 12:16:00,6.62485,6.62485,6.48,6.5275,0,0,2,2,0
20251022 12:17:00,6.52,6.66,6.47,6.562525,0,0,2,2,1
20251022 12:18:00,6.56005,6.67,6.56005,6.639975,0,0,2,2,0
20251022 12:19:00,6.645,6.645,6.59,6.6125,0,0,2,2,0
20251022 12:20:00,6.615,6.615,6.51,6.55995,0,0,2,2,0
20251022 12:21:00,6.5599,6.59,6.51,6.547375,0,0,2,2,0
20251022 12:22:00,6.54475,6.58,6.53,6.5525,0,0,2,2,0
20251022 12:23:00,6.55,6.55,6.39,6.48,0,0,2,2,0
20251022 12:24:00,6.495,6.495,6.34,6.4197,0,0,2,2,1
20251022 12:25:00,6.4394,6.57,6.43,6.4925,0,0,2,2,0
20251022 12:26:00,6.485,6.55,6.485,6.529875,0,0,2,2,0
20251022 12:27:00,6.52975,6.54,6.5,6.52245,0,0,2,2,0
20251022 12:28:00,6.5249,6.5249,6.46,6.4975,0,0,2,2,0
20251022 12:29:00,6.505,6.505,6.35,6.429725,0,0,2,2,1
20251022 12:30:00,6.43445,6.46,6.36,6.41,0,0,2,2,0
20251022 12:31:00,6.41,6.63,6.41,6.537601,0,0,2,2,0
20251022 12:32:00,6.5352,6.7,6.5352,6.6521,0,0,2,2,2
20251022 12:33:00,6.64485,6.7,6.61,6.655,0,0,2,2,0
20251022 12:34:00,6.655,6.69,6.58,6.64,0,0,2,2,0
20251022 12:35:00,6.645,6.73,6.6,6.6574,0,0,2,2,0
20251022 12:36:00,6.6498,6.69,6.64,6.662575,0,0,2,2,0
20251022 12:37:00,6.66015,6.8,6.63,6.695001,0,0,2,2,2
20251022 12:38:00,6.675,6.78,6.67,6.7225,0,0,2,2,0
20251022 12:39:00,6.72,6.78,6.7,6.7499,0,0,2,2,0
20251022 12:40:00,6.7598,6.79,6.74,6.765,0,0,2,2,0
20251022 12:41:00,6.765,6.84,6.765,6.805125,0,0,2,2,0
20251022 12:42:00,6.80525,6.99,6.80525,6.9075,0,0,2,2,0
20251022 12:43:00,6.91,7,6.83,6.925,0,0,2,2,0
20251022 12:44:00,6.935,6.97,6.87,6.91,0,0,2,2,0
20251022 12:45:00,6.9,7.1,6.9,7.000025,0,0,2,2,0
20251022 12:46:00,6.99505,7.19,6.99505,7.0975,0,0,2,2,0
20251022 12:47:00,7.075,7.1702,7.075,7.12205,0,0,2,2,0
20251022 12:48:00,7.1195,7.3,7.1195,7.195,0,0,2,2,0
20251022 12:49:00,7.17,7.34,7.17,7.2525,0,0,2,2,2
20251022 12:50:00,7.25,7.33,7.19,7.275,0,0,2,2,0
20251022 12:51:00,7.29,7.29,7.12,7.199975,0,0,2,2,0
20251022 12:52:00,7.19495,7.19495,6.98,7.095,0,0,2,2,1
20251022 12:53:00,7.13,7.26,7.01,7.115,0,0,2,2,0
20251022 12:54:00,7.095,7.14,7.01,7.0525,0,0,2,2,0
20251022 12:55:00,7.03,7.11,7.02,7.04755,0,0,2,2,0
20251022 12:56:00,7.0301,7.04,6.85,6.96,0,0,2,2,1
20251022 12:57:00,6.975,7.03,6.9,6.9625,0,0,2,2,0
20251022 12:58:00,6.96,7.08,6.96,7.0175,0,0,2,2,0
20251022 12:59:00,7.01,7.04,6.97,7.007425,0,0,2,2,0
20251022 13:00:00,7.00985,7.00985,6.88,6.95875,0,0,2,2,1
20251022 13:01:00,6.9825,7.04,6.97,7.007375,0,0,2,2,0
20251022 13:02:00,7.00975,7.07,7.00975,7.047375,0,0,2,2,2
20251022 13:03:00,7.04475,7.05,6.94,7.009875,0,0,2,2,0
20251022 13:04:00,7.02475,7.02475,6.91,6.97245,0,0,2,2,0
20251022 13:05:00,6.9849,6.9849,6.92,6.9575,0,0,2,2,0
20251022 13:06:00,6.965,7,6.82,6.91495,0,0,2,2,0
20251022 13:07:00,6.9199,6.9199,6.77,6.83,0,0,2,2,0
20251022 13:08:00,6.835,6.835,6.6,6.735025,0,0,2,2,1
20251022 13:09:00,6.77005,6.82,6.7195,6.749875,0,0,2,2,0
20251022 13:10:00,6.73,6.78,6.65,6.72995,0,0,2,2,0
20251022 13:11:00,6.7449,6.8,6.73,6.757625,0,0,2,2,0
20251022 13:12:00,6.75025,6.78,6.71,6.74995,0,0,2,2,0
20251022 13:13:00,6.7549,6.89,6.7549,6.82,0,0,2,2,0
20251022 13:14:00,6.815,6.9502,6.815,6.89255,0,0,2,2,2
20251022 13:15:00,6.88,6.9199,6.8,6.874975,0,0,2,2,0
20251022 13:16:00,6.89,6.95,6.8695,6.9099,0,0,2,2,0
20251022 13:17:00,6.91005,6.95,6.9,6.927575,0,0,2,2,0
20251022 13:18:00,6.93015,6.93015,6.73,6.8325,0,0,2,2,0
20251022 13:19:00,6.84,6.84,6.61,6.6975,0,0,2,2,0
20251022 13:20:00,6.695,6.71,6.61,6.6475,0,0,2,2,0
20251022 13:21:00,6.635,6.7,6.6,6.6375,0,0,2,2,0
20251022 13:22:00,6.625,6.63,6.39,6.535,0,0,2,2,1
20251022 13:23:00,6.56,6.72,6.5088,6.6072,0,0,2,2,2
20251022 13:24:00,6.6,6.69,6.6,6.6525,0,0,2,2,0
20251022 13:25:00,6.655,6.69,6.46,6.58745,0,0,2,2,0
20251022 13:26:00,6.5999,6.61,6.47,6.5475,0,0,2,2,0
20251022 13:27:00,6.555,6.555,6.4,6.4725,0,0,2,2,0
20251022 13:28:00,6.47,6.49,6.39,6.42745,0,0,2,2,0
20251022 13:29:00,6.4149,6.43,6.13,6.289925,0,0,2,2,0
20251022 13:30:00,6.29985,6.29985,5.89,6.06125,526587127,0,2,2,0
20251022 13:31:00,6.0375,6.25,5.8201,6.035025,14369507,0,2,2,0
20251022 13:32:00,6.035,6.19,5.8,6.01655,12517115,0,2,2,0
20251022 13:33:00,6.0381,6.0381,5.48,5.71,13369723,0,2,2,0
20251022 13:34:00,5.705,5.705,5.39,5.444375,2194723,0,2,2,0
20251022 13:35:00,5.4375,5.5125,5.39,5.444375,2194723,0,2,2,0
20251022 13:36:00,5.4375,5.4375,0,0,0,0,2,2,1
20251022 13:37:00,0,0,0,0,0,0,2,2,1
20251022 13:38:00,0,0,0,0,0,0,2,2,1
20251022 13:39:00,0,5.74,0,5.44125,18712360,0,2,2,1
20251022 13:40:00,5.4575,5.81,5.42,5.66375,13155714,0,2,2,0
20251022 13:41:00,5.7125,6.11,5.7125,5.9525,10783618,0,2,2,2
20251022 13:42:00,5.955,6.11,5.79,5.9525,10783618,0,2,2,2
20251022 13:43:00,5.955,5.955,0,0,0,0,2,2,1
20251022 13:44:00,0,0,0,0,0,0,2,2,1
20251022 13:45:00,0,0,0,0,0,0,2,2,1
20251022 13:46:00,0,6.39,0,6.1975,10992984,0,2,2,1
20251022 13:47:00,6.2,6.2,5.9,6.039125,12805161,0,2,2,0
20251022 13:48:00,6.03825,6.43,6,6.17625,11210352,0,2,2,2
20251022 13:49:00,6.1375,6.27,6.08,6.17375,6621935,0,2,2,0
20251022 13:50:00,6.1725,6.26,5.99,6.124725,5987226,0,2,2,0
20251022 13:51:00,6.12445,6.15,5.9,6.0669,8188497,0,2,2,0
20251022 13:52:00,6.1088,6.1088,5.9,5.999975,5056005,0,2,2,0
20251022 13:53:00,6.00495,6.00495,5.46,5.73985,13544636,0,2,2,0
20251022 13:54:00,5.7547,5.77,5.51,5.63845,6797185,0,2,2,0
20251022 13:55:00,5.6369,5.74,5.42,5.610825,8589385,0,2,2,0
20251022 13:56:00,5.64165,5.64165,5.37,5.49375,5792205,0,2,2,1
20251022 13:57:00,5.5025,5.73,5.41,5.570575,6052944,0,2,2,0
20251022 13:58:00,5.57115,5.87,5.57115,5.745,5448579,0,2,2,0
20251022 13:59:00,5.755,6.16,5.755,5.93625,8909983,0,2,2,0
20251022 14:00:00,5.9075,6.1699,5.9075,6.038725,5543394,0,2,2,2
20251022 14:01:00,6.0275,6.1,5.9601,6.02875,4329725,0,2,2,0
20251022 14:02:00,6.02745,6.02745,5.8,5.938675,4663888,0,2,2,0
20251022 14:03:00,5.9674,5.9674,5.68,5.8285,4667083,0,2,2,0
20251022 14:04:00,5.847,5.9,5.735,5.80625,2754688,0,2,2,0
20251022 14:05:00,5.795,5.865,5.6101,5.759725,4270235,0,2,2,1
20251022 14:06:00,5.7819,5.82,5.67,5.7375,2440528,0,2,2,0
20251022 14:07:00,5.73,6.12,5.73,5.89375,6331280,0,2,2,0
20251022 14:08:00,5.8625,6.26,5.8625,6.0892,8653903,0,2,2,0
20251022 14:09:00,6.06325,6.38,6.06325,6.2475,7045556,0,2,2,0
20251022 14:10:00,6.24,6.39,6.22,6.33,6323124,0,2,2,0
20251022 14:11:00,6.355,6.73,6.355,6.554,6445769,0,2,2,2
20251022 14:12:00,6.5575,6.73,6.371,6.554,6445769,0,2,2,2
20251022 14:13:00,6.5575,6.5575,0,0,0,0,2,2,1
20251022 14:14:00,0,0,0,0,0,0,2,2,1
20251022 14:15:00,0,0,0,0,0,0,2,2,1
20251022 14:16:00,0,6.8,0,6.627501,11326086,0,2,2,1
20251022 14:17:00,6.675,6.8,6.3,6.579124,9686548,0,2,2,0
20251022 14:18:00,6.60825,6.9999,6.51,6.7222,9430033,0,2,2,0
20251022 14:19:00,6.68945,6.94,6.68945,6.858725,7643912,0,2,2,0
20251022 14:20:00,6.87245,7.19,6.82,6.968825,11969965,0,2,2,2
20251022 14:21:00,6.93265,7.1,6.85,6.96625,7605626,0,2,2,0
20251022 14:22:00,6.9575,6.98,6.7,6.852725,7144947,0,2,2,0
20251022 14:23:00,6.86545,6.93,6.7,6.825025,5725689,0,2,2,1
20251022 14:24:00,6.83505,6.99,6.83,6.8975,5819033,0,2,2,0
20251022 14:25:00,6.885,6.97,6.83,6.899575,4236482,0,2,2,0
20251022 14:26:00,6.89915,7.14,6.84,7.0058,9788093,0,2,2,0
20251022 14:27:00,7.0216,7.25,6.87,7.079925,10950962,0,2,2,0
20251022 14:28:00,7.09985,7.25,7.02,7.122125,6692671,0,2,2,0
20251022 14:29:00,7.10925,7.5,7.10925,7.312,10603952,0,2,2,0
20251022 14:30:00,7.319,7.69,7.22,7.504975,12778912,0,2,2,2
20251022 14:31:00,7.55495,7.6799,7.12,7.431225,11637720,0,2,2,0
20251022 14:32:00,7.4625,7.4625,7.05,7.1878,6509010,0,2,2,0
20251022 14:33:00,7.1806,7.1806,6.8,7.0375,10274910,0,2,2,1
20251022 14:34:00,7.105,7.2,6.95,7.07125,4740432,0,2,2,0
20251022 14:35:00,7.0675,7.14,6.83,6.95,4765679,0,2,2,0
20251022 14:36:00,6.915,7.03,6.71,6.87125,7680002,0,2,2,1
20251022 14:37:00,6.8725,6.97,6.75,6.878575,3453424,0,2,2,0
20251022 14:38:00,6.89715,6.95,6.8014,6.8866,2484505,0,2,2,0
20251022 14:39:00,6.8975,7.13,6.8975,6.9925,4342713,0,2,2,2
20251022 14:40:00,6.97,7.01,6.85,6.935,2757334,0,2,2,0
20251022 14:41:00,6.94,6.95,6.82,6.8897,2261090,0,2,2,0
20251022 14:42:00,6.8944,6.98,6.76,6.84875,3766935,0,2,2,0
20251022 14:43:00,6.8275,6.8275,6.56,6.70375,6119764,0,2,2,1
20251022 14:44:00,6.7275,6.85,6.63,6.74,3898179,0,2,2,0
20251022 14:45:00,6.74,6.9,6.74,6.8425,1894400,0,2,2,0
20251022 14:46:00,6.835,6.87,6.71,6.80375,982541,0,2,2,0
20251022 14:47:00,6.8175,6.8175,6.56,6.63375,4962136,0,2,2,0
20251022 14:48:00,6.6475,6.71,6.5701,6.63255,2773375,0,2,2,0
20251022 14:49:00,6.62505,6.64,6.37,6.5425,7558798,0,2,2,1
20251022 14:50:00,6.58,6.8899,6.52,6.6875,5935538,0,2,2,0
20251022 14:51:00,6.67005,6.85,6.66,6.7679,2495562,0,2,2,0
20251022 14:52:00,6.7808,7.01,6.75,6.87635,4366788,0,2,2,2
20251022 14:53:00,6.8727,6.99,6.8727,6.946175,2854395,0,2,2,0
20251022 14:54:00,6.94235,7,6.84,6.90955,4072409,0,2,2,0
20251022 14:55:00,6.8991,6.9,6.82,6.853475,1985573,0,2,2,0
20251022 14:56:00,6.84695,6.95,6.77,6.8375,2778320,0,2,2,0
20251022 14:57:00,6.815,6.82,6.7,6.7625,1970076,0,2,2,0
20251022 14:58:00,6.765,6.765,6.6301,6.708925,1711004,0,2,2,1
20251022 14:59:00,6.7278,6.79,6.67,6.74265,2699063,0,2,2,0
20251022 15:00:00,6.7553,6.82,6.7,6.75,1554517,0,2,2,2
20251022 15:01:00,6.74,6.74,6.6,6.65495,2780586,0,2,2,0
20251022 15:02:00,6.6549,6.6549,6.56,6.60135,1746439,0,2,2,0
20251022 15:03:00,6.5977,6.6,6.4,6.50925,4881106,0,2,2,0
20251022 15:04:00,6.5185,6.5185,5.92,6.1875,7510600,0,2,2,0
20251022 15:05:00,6.185,6.46,5.92,6.1875,7510600,0,2,2,0
20251022 15:06:00,6.185,6.185,0,0,0,0,2,2,1
20251022 15:07:00,0,0,0,0,0,0,2,2,1
20251022 15:08:00,0,0,0,0,0,0,2,2,1
20251022 15:09:00,0,6.17,0,5.9475,10656479,0,2,2,1
20251022 15:10:00,5.925,6.23,5.91,6.09,6468355,0,2,2,2
20251022 15:11:00,6.11,6.2,6,6.095275,4168616,0,2,2,0
20251022 15:12:00,6.09055,6.19,6.02,6.106225,3309050,0,2,2,0
20251022 15:13:00,6.10745,6.35,6.08,6.18885,5533395,0,2,2,2
20251022 15:14:00,6.1627,6.23,6.1,6.15865,2560945,0,2,2,0
20251022 15:15:00,6.1523,6.25,6.1,6.1625,2295703,0,2,2,0
20251022 15:16:00,6.15,6.19,6.05,6.1225,2642600,0,2,2,0
20251022 15:17:00,6.125,6.125,5.8601,6.01485,4603305,0,2,2,0
20251022 15:18:00,6.04965,6.07,5.66,5.848875,7556419,0,2,2,0
20251022 15:19:00,5.83275,5.85,5.54,5.680375,7176930,0,2,2,0
20251022 15:20:00,5.66575,5.84,5.4,5.582475,9505040,0,2,2,0
20251022 15:21:00,5.54495,5.59,5.15,5.331275,10715053,0,2,2,0
20251022 15:22:00,5.29255,5.29255,5.1101,5.147525,1652871,0,2,2,0
20251022 15:23:00,5.15,5.18,5.1101,5.147525,1652871,0,2,2,0
20251022 15:24:00,5.15,5.15,0,0,0,0,2,2,1
20251022 15:25:00,0,0,0,0,0,0,2,2,1
20251022 15:26:00,0,0,0,0,0,0,2,2,1
20251022 15:27:00,0,5.3799,0,5.23245,9385015,0,2,2,1
20251022 15:28:00,5.22495,5.39,4.67,5.01375,22522766,0,2,2,2
20251022 15:29:00,4.9975,4.9975,4.67,4.67,302134,0,2,2,0
20251022 15:30:00,4.67,4.67,4.67,4.67,302134,0,2,2,0
20251022 15:31:00,4.67,4.67,0,0,0,0,2,2,1
20251022 15:32:00,0,0,0,0,0,0,2,2,1
20251022 15:33:00,0,0,0,0,0,0,2,2,1
20251022 15:34:00,0,4.85,0,4.4425,33045040,0,2,2,1
20251022 15:35:00,4.37,4.37,4.18,4.18,1399909,0,2,2,0
20251022 15:36:00,4.18,4.18,4.18,4.18,1399909,0,2,2,0
20251022 15:37:00,4.18,4.18,0,0,0,0,2,2,1
20251022 15:38:00,0,0,0,0,0,0,2,2,1
20251022 15:39:00,0,0,0,0,0,0,2,2,1
20251022 15:40:00,0,4.65,0,4.28625,29376934,0,2,2,1
20251022 15:41:00,4.2225,4.39,3.79,4.07,15956045,0,2,2,0
20251022 15:42:00,4.05,4.39,3.79,4.07,15956045,0,2,2,0
20251022 15:43:00,4.05,4.05,0,0,0,0,2,2,1
20251022 15:44:00,0,0,0,0,0,0,2,2,1
20251022 15:45:00,0,0,0,0,0,0,2,2,1
20251022 15:46:00,0,4.17,0,3.935,24709005,0,2,2,1
20251022 15:47:00,3.98,4.31,3.82,4.1525,15355431,0,2,2,2
20251022 15:48:00,4.24,4.31,4.24,4.31,635782,0,2,2,2
20251022 15:49:00,4.31,4.31,4.31,4.31,635782,0,2,2,2
20251022 15:50:00,4.31,4.31,0,0,0,0,2,2,1
20251022 15:51:00,0,0,0,0,0,0,2,2,1
20251022 15:52:00,0,0,0,0,0,0,2,2,1
20251022 15:53:00,0,4.56,0,4.4159,16432109,0,2,2,1
20251022 15:54:00,4.4518,4.75,4.4,4.553775,20285076,0,2,2,0
20251022 15:55:00,4.53255,4.569,4.31,4.476,8604678,0,2,2,0
20251022 15:56:00,4.5125,4.77,4.4801,4.612525,9792183,0,2,2,2
20251022 15:57:00,4.6,4.77,4.53,4.65375,8751947,0,2,2,0
20251022 15:58:00,4.6575,4.7,4.54,4.62125,4400235,0,2,2,0
20251022 15:59:00,4.6225,4.79,4.62,4.702525,6585355,0,2,2,2
20251022 16:00:00,4.70005,4.785,4.35,4.59875,10701959,0,2,2,0
20251022 16:01:00,4.63,4.63,4.14,4.32175,9408660,0,2,2,1
20251022 16:02:00,4.3135,4.3135,4.14,4.15515,554220,0,2,2,0
20251022 16:03:00,4.14,4.2006,4.14,4.15515,554220,0,2,2,0
20251022 16:04:00,4.14,4.14,0,0,0,0,2,2,1
20251022 16:05:00,0,0,0,0,0,0,2,2,1
20251022 16:06:00,0,0,0,0,0,0,2,2,1
20251022 16:07:00,0,4.26,0,4.092475,12093868,0,2,2,1
20251022 16:08:00,4.09495,4.19,4.0335,4.109625,4719868,0,2,2,0
20251022 16:09:00,4.1075,4.12,3.8,3.99375,10427462,0,2,2,0
20251022 16:10:00,4.0275,4.14,3.98,4.0625,5076274,0,2,2,0
20251022 16:11:00,4.065,4.4,4.06,4.23625,6097494,0,2,2,0
20251022 16:12:00,4.2425,4.44,4.1801,4.320425,4412100,0,2,2,2
20251022 16:13:00,4.3308,4.39,4.21,4.295,3727369,0,2,2,0
20251022 16:14:00,4.29,4.29,4.12,4.197525,3134311,0,2,2,0
20251022 16:15:00,4.20505,4.25,4.0201,4.168375,3340046,0,2,2,1
20251022 16:16:00,4.2017,4.39,4.2017,4.297475,3782181,0,2,2,0
20251022 16:17:00,4.28995,4.38,4.28995,4.336575,2319998,0,2,2,0
20251022 16:18:00,4.33315,4.4,4.25,4.32375,3065537,0,2,2,0
20251022 16:19:00,4.3225,4.43,4.2801,4.359725,3130688,0,2,2,2
20251022 16:20:00,4.3644,4.4072,4.27,4.360225,2648435,0,2,2,0
20251022 16:21:00,4.38185,4.43,4.32,4.37775,2853948,0,2,2,0
20251022 16:22:00,4.3805,4.5,4.38,4.442475,3892247,0,2,2,2
20251022 16:23:00,4.44495,4.49,4.3001,4.410875,3852265,0,2,2,0
20251022 16:24:00,4.4267,4.4267,4.21,4.3366,3052271,0,2,2,0
20251022 16:25:00,4.3782,4.395,4.3,4.341275,1739709,0,2,2,0
20251022 16:26:00,4.33505,4.33505,4.06,4.21255,5395645,0,2,2,0
20251022 16:27:00,4.2401,4.2401,4.13,4.166375,1778055,0,2,2,0
20251022 16:28:00,4.16775,4.17,3.85,4.0325,7773939,0,2,2,0
20251022 16:29:00,4.055,4.055,3.74,3.86605,7708433,0,2,2,0
20251022 16:30:00,3.8871,3.8871,3.59,3.7175,7887491,0,2,2,0
20251022 16:31:00,3.705,3.87,3.59,3.7175,7887491,0,2,2,0
20251022 16:32:00,3.705,3.705,0,0,0,0,2,2,1
20251022 16:33:00,0,0,0,0,0,0,2,2,1
20251022 16:34:00,0,0,0,0,0,0,2,2,1
20251022 16:35:00,0,3.59,0,3.46875,6595579,0,2,2,1
20251022 16:36:00,3.4625,3.59,3.11,3.30875,18113016,0,2,2,2
20251022 16:37:00,3.2675,3.59,3.11,3.30875,18113016,0,2,2,2
20251022 16:38:00,3.2675,3.2675,0,0,0,0,2,2,1
20251022 16:39:00,0,0,0,0,0,0,2,2,1
20251022 16:40:00,0,0,0,0,0,0,2,2,1
20251022 16:41:00,0,3.08,0,3.015,10832663,0,2,2,1
20251022 16:42:00,3.025,3.06,2.62,2.94695,36032189,0,2,2,0
20251022 16:43:00,3.0539,3.06,2.62,2.886875,14249182,0,2,2,0
20251022 16:44:00,2.93375,3.09,2.77,2.91765,13181636,0,2,2,0
20251022 16:45:00,2.9053,3.12,2.9053,3.0475,3767034,0,2,2,2
20251022 16:46:00,3.0475,3.12,2.975,3.0475,3767034,0,2,2,2
20251022 16:47:00,3.0475,3.0475,0,0,0,0,2,2,1
20251022 16:48:00,0,0,0,0,0,0,2,2,1
20251022 16:49:00,0,0,0,0,0,0,2,2,1
20251022 16:50:00,0,3.18,0,3.06125,6108738,0,2,2,1
20251022 16:51:00,3.0325,3.24,2.9,3.09475,9231376,0,2,2,0
20251022 16:52:00,3.1195,3.34,3.11,3.2361,9101904,0,2,2,2
20251022 16:53:00,3.2472,3.33,3.16,3.241325,4773194,0,2,2,0
20251022 16:54:00,3.23765,3.23765,3.02,3.135375,4394769,0,2,2,0
20251022 16:55:00,3.15575,3.3,3.12,3.20375,4111021,0,2,2,0
20251022 16:56:00,3.1975,3.3,3.1975,3.25,3418653,0,2,2,0
20251022 16:57:00,3.25,3.35,3.21,3.2678,3257996,0,2,2,2
20251022 16:58:00,3.2556,3.32,3.2,3.250575,3159656,0,2,2,0
20251022 16:59:00,3.24115,3.34,3.19,3.258375,3578396,0,2,2,1
20251022 17:00:00,3.25175,3.54,3.25175,3.39955,7611406,0,2,2,0
20251022 17:01:00,3.3751,3.49,3.3751,3.4575,3292362,0,2,2,0
20251022 17:02:00,3.46,3.76,3.46,3.611375,9129807,0,2,2,0
20251022 17:03:00,3.61275,3.76,3.56,3.6984,8395904,0,2,2,0
20251022 17:04:00,3.7368,3.8,3.71,3.754925,8620167,0,2,2,2
20251022 17:05:00,3.75485,3.75485,3.61,3.7072,5208998,0,2,2,0
20251022 17:06:00,3.7344,3.8,3.7,3.7338,4846943,0,2,2,2
20251022 17:07:00,3.7176,3.72,3.44,3.582825,7274091,0,2,2,0
20251022 17:08:00,3.58565,3.58565,3.32,3.41125,3360695,0,2,2,0
20251022 17:09:00,3.3875,3.55,3.32,3.41125,3360695,0,2,2,0
20251022 17:10:00,3.3875,3.3875,0,0,0,0,2,2,1
20251022 17:11:00,0,0,0,0,0,0,2,2,1
20251022 17:12:00,0,0,0,0,0,0,2,2,1
20251022 17:13:00,0,3.4,0,3.302525,2009777,0,2,2,1
20251022 17:14:00,3.28005,3.6,3.28005,3.425025,4950048,0,2,2,2
20251022 17:15:00,3.40505,3.59,3.40505,3.537075,3476680,0,2,2,0
20251022 17:16:00,3.56415,3.59,3.47,3.53745,1880860,0,2,2,0
20251022 17:17:00,3.5449,3.7,3.5,3.59125,3353447,0,2,2,0
20251022 17:18:00,3.5825,3.74,3.5825,3.678175,3469197,0,2,2,0
20251022 17:19:00,3.67635,3.76,3.64,3.69015,3891376,0,2,2,0
20251022 17:20:00,3.6803,3.79,3.66,3.710375,3408536,0,2,2,0
20251022 17:21:00,3.69575,3.9,3.69575,3.81375,5463602,0,2,2,0
20251022 17:22:00,3.8125,3.92,3.78,3.85255,5909793,0,2,2,0
20251022 17:23:00,3.8551,3.9,3.79,3.845,3782543,0,2,2,0
20251022 17:24:00,3.845,3.94,3.845,3.9017,4933623,0,2,2,0
20251022 17:25:00,3.895,4,3.86,3.937475,6862166,0,2,2,2
20251022 17:26:00,3.94495,4,3.91,3.9535,4560915,0,2,2,2
20251022 17:27:00,3.952,3.99,3.84,3.93,4479420,0,2,2,1
20251022 17:28:00,3.945,3.99,3.92,3.952525,2600415,0,2,2,0
20251022 17:29:00,3.95005,3.96,3.84,3.895,3866201,0,2,2,0
20251022 17:30:00,3.89,3.89,3.68,3.7924,6038717,0,2,2,0
20251022 17:31:00,3.8176,3.86,3.77,3.79735,3452446,0,2,2,0
20251022 17:32:00,3.7797,3.84,3.67,3.77665,3333163,0,2,2,1
20251022 17:33:00,3.7983,3.85,3.77,3.8225,1868263,0,2,2,0
20251022 17:34:00,3.835,3.85,3.78,3.819675,1778652,0,2,2,0
20251022 17:35:00,3.82435,3.83,3.75,3.8028,2185126,0,2,2,0
20251022 17:36:00,3.8156,3.84,3.77,3.8169,1653533,0,2,2,0
20251022 17:37:00,3.8288,3.84,3.77,3.80625,1667783,0,2,2,0
20251022 17:38:00,3.8075,3.92,3.68,3.822075,4515944,0,2,2,1
20251022 17:39:00,3.84415,3.92,3.84415,3.90745,2961705,0,2,2,2
20251022 17:40:00,3.9199,3.9199,3.81,3.8739,1831309,0,2,2,0
20251022 17:41:00,3.8878,3.91,3.83,3.86335,1988563,0,2,2,0
20251022 17:42:00,3.8567,3.89,3.78,3.82455,2226729,0,2,2,1
20251022 17:43:00,3.8141,3.85,3.78,3.81545,1742150,0,2,2,1
20251022 17:44:00,3.8159,3.9,3.81,3.85375,1975761,0,2,2,0
20251022 17:45:00,3.8525,3.88,3.83,3.862125,1017768,0,2,2,0
20251022 17:46:00,3.86925,3.94,3.86,3.899025,2825819,0,2,2,0
20251022 17:47:00,3.89805,3.94,3.88,3.921475,2096454,0,2,2,0
20251022 17:48:00,3.93295,4.15,3.92,4.035625,6676692,0,2,2,0
20251022 17:49:00,4.03625,4.15,4.03625,4.133675,5199132,0,2,2,0
20251022 17:50:00,4.14235,4.21,4.12,4.1678,5328551,0,2,2,0
20251022 17:51:00,4.1706,4.23,4.03,4.1386,5986992,0,2,2,2
20251022 17:52:00,4.1472,4.15,3.92,4.023725,4727976,0,2,2,0
20251022 17:53:00,4.01245,4.01245,3.88,3.94625,3204527,0,2,2,1
20251022 17:54:00,3.9575,3.98,3.88,3.9425,2463709,0,2,2,1
20251022 17:55:00,3.955,4.07,3.91,3.99585,2885965,0,2,2,0
20251022 17:56:00,4.0017,4.12,4.0017,4.08375,2582482,0,2,2,2
20251022 17:57:00,4.0875,4.11,4.05,4.084875,2256964,0,2,2,0
20251022 17:58:00,4.08975,4.08975,3.99,4.043775,2279832,0,2,2,0
20251022 17:59:00,4.05255,4.06,3.98,4.032725,1577165,0,2,2,1
20251022 18:00:00,4.04545,4.15,4.04,4.09495,2749563,0,2,2,2
20251022 18:01:00,4.0949,4.15,4.0949,4.137475,1597614,0,2,2,2
20251022 18:02:00,4.13995,4.15,4.1,4.125875,2990151,0,2,2,0
20251022 18:03:00,4.12675,4.15,4.09,4.1164,1650353,0,2,2,0
20251022 18:04:00,4.1128,4.19,4.11,4.150425,2593872,0,2,2,2
20251022 18:05:00,4.15085,4.18,4.15,4.166225,1892238,0,2,2,0
20251022 18:06:00,4.16745,4.17,4.0725,4.129425,2401906,0,2,2,1
20251022 18:07:00,4.1376,4.18,4.12,4.15,2094694,0,2,2,0
20251022 18:08:00,4.15,4.18,4.15,4.165125,1115517,0,2,2,2
20251022 18:09:00,4.16525,4.16525,4.01,4.1025,3967246,0,2,2,0
20251022 18:10:00,4.12,4.12,3.87,3.98075,4926143,0,2,2,0
20251022 18:11:00,3.9815,3.9815,3.84,3.895625,3502064,0,2,2,0
20251022 18:12:00,3.90125,4.01,3.90125,3.95295,2403757,0,2,2,0
20251022 18:13:00,3.9409,3.97,3.82,3.89125,2323841,0,2,2,0
20251022 18:14:00,3.8875,3.8875,3.71,3.81875,4178236,0,2,2,1
20251022 18:15:00,3.8425,3.88,3.8001,3.8393,1403358,0,2,2,0
20251022 18:16:00,3.83855,3.91,3.78,3.8503,2085564,0,2,2,0
20251022 18:17:00,3.8556,3.97,3.8556,3.92995,1207582,0,2,2,0
20251022 18:18:00,3.9349,4.05,3.9349,3.9988,2353452,0,2,2,2
20251022 18:19:00,3.9976,4.05,3.97,4.00835,2190566,0,2,2,2
20251022 18:20:00,4.0067,4.0067,3.9,3.954825,1776108,0,2,2,0
20251022 18:21:00,3.96465,3.98,3.92,3.942525,856731,0,2,2,0
20251022 18:22:00,3.93505,3.95,3.91,3.9311,640295,0,2,2,0
20251022 18:23:00,3.9322,3.97,3.9,3.933825,1506804,0,2,2,1
20251022 18:24:00,3.93265,4,3.93265,3.961225,1133866,0,2,2,0
20251022 18:25:00,3.9525,3.98,3.95,3.96595,1140825,0,2,2,0
20251022 18:26:00,3.9669,4.01,3.9669,3.982275,1428076,0,2,2,2
20251022 18:27:00,3.97455,3.99,3.9501,3.976275,773595,0,2,2,0
20251022 18:28:00,3.9825,3.99,3.95,3.97155,798416,0,2,2,1
20251022 18:29:00,3.9731,4.02,3.95,3.977325,1798461,0,2,2,1
20251022 18:30:00,3.96965,4.05,3.96965,4.01235,1000544,0,2,2,2
20251022 18:31:00,4.0147,4.04,4,4.02125,944237,0,2,2,0
20251022 18:32:00,4.0225,4.04,3.95,3.99125,2163132,0,2,2,0
20251022 18:33:00,3.9875,3.99,3.95,3.965,1592387,0,2,2,0
20251022 18:34:00,3.96,4.04,3.94,3.9825,2586391,0,2,2,1
20251022 18:35:00,3.975,4.01,3.97,3.992475,810251,0,2,2,0
20251022 18:36:00,3.99495,4.01,3.97,3.993725,1268935,0,2,2,0
20251022 18:37:00,3.99745,4,3.97,3.98625,511164,0,2,2,0
20251022 18:38:00,3.9875,3.9875,3.94,3.96375,2023573,0,2,2,0
20251022 18:39:00,3.9675,4.01,3.95,3.9678,1489015,0,2,2,2
20251022 18:40:00,3.9556,3.98,3.93,3.95,2143797,0,2,2,0
20251022 18:41:00,3.945,3.945,3.81,3.89225,3113546,0,2,2,0
20251022 18:42:00,3.9095,3.93,3.88,3.894975,1207608,0,2,2,0
20251022 18:43:00,3.88495,3.91,3.8,3.8521,2259209,0,2,2,0
20251022 18:44:00,3.8492,3.88,3.79,3.83625,1930633,0,2,2,1
20251022 18:45:00,3.8375,3.881,3.79,3.84025,1715473,0,2,2,0
20251022 18:46:00,3.845,3.85,3.79,3.8103,1339816,0,2,2,0
20251022 18:47:00,3.8006,3.8006,3.5,3.672525,6291661,0,2,2,0
20251022 18:48:00,3.69505,3.69505,3.55,3.58625,3240605,0,2,2,0
20251022 18:49:00,3.5925,3.6,3.45,3.543025,4898810,0,2,2,1
20251022 18:50:00,3.56105,3.74,3.53,3.62,2681001,0,2,2,0
20251022 18:51:00,3.605,3.79,3.605,3.72445,2573918,0,2,2,2
20251022 18:52:00,3.7189,3.77,3.7,3.7408,1772681,0,2,2,0
20251022 18:53:00,3.7466,3.78,3.71,3.7386,1202479,0,2,2,0
20251022 18:54:00,3.7322,3.8,3.7322,3.76,1022203,0,2,2,2
20251022 18:55:00,3.75,3.781,3.74,3.7612,1151457,0,2,2,0
20251022 18:56:00,3.7619,3.78,3.72,3.757675,973769,0,2,2,0
20251022 18:57:00,3.76535,3.85,3.72,3.78625,1404979,0,2,2,1
20251022 18:58:00,3.7875,3.92,3.77,3.84455,1793547,0,2,2,0
20251022 18:59:00,3.8441,3.93,3.8441,3.886275,1815510,0,2,2,2
20251022 19:00:00,3.88255,3.93,3.88255,3.909925,1645504,0,2,2,2
20251022 19:01:00,3.90985,3.92,3.83,3.88345,1169598,0,2,2,0
20251022 19:02:00,3.8919,3.8919,3.78,3.82755,1708867,0,2,2,0
20251022 19:03:00,3.8251,3.8251,3.745,3.77875,1496146,0,2,2,0
20251022 19:04:00,3.785,3.79,3.745,3.77,1346679,0,2,2,0
20251022 19:05:00,3.7725,3.84,3.7201,3.77645,1347804,0,2,2,1
20251022 19:06:00,3.77285,3.8,3.75,3.78385,581236,0,2,2,0
20251022 19:07:00,3.7927,3.84,3.78,3.8102,854626,0,2,2,2
20251022 19:08:00,3.8104,3.84,3.785,3.81215,869627,0,2,2,2
20251022 19:09:00,3.8118,3.8118,3.75,3.778875,938111,0,2,2,0
20251022 19:10:00,3.77775,3.77775,3.61,3.69665,2494672,0,2,2,1
20251022 19:11:00,3.7083,3.73,3.64,3.689125,1133786,0,2,2,0
20251022 19:12:00,3.69325,3.73,3.69,3.709425,865189,0,2,2,0
20251022 19:13:00,3.70885,3.71,3.66,3.687475,1018541,0,2,2,0
20251022 19:14:00,3.68995,3.7,3.63,3.66405,862366,0,2,2,0
20251022 19:15:00,3.6631,3.67,3.46,3.5875,3317553,0,2,2,0
20251022 19:16:00,3.61,3.61,3.38,3.4808,3908407,0,2,2,0
20251022 19:17:00,3.4866,3.5799,3.36,3.4675,3670805,0,2,2,1
20251022 19:18:00,3.46505,3.57,3.46505,3.545025,1706060,0,2,2,0
20251022 19:19:00,3.54505,3.59,3.5,3.55125,1353662,0,2,2,0
20251022 19:20:00,3.5575,3.5575,3.43,3.4896,1652958,0,2,2,0
20251022 19:21:00,3.48925,3.5,3.3,3.3947,3354789,0,2,2,0
20251022 19:22:00,3.3894,3.39,3.3,3.335,3056998,0,2,2,0
20251022 19:23:00,3.325,3.33,3.16,3.25375,4777187,0,2,2,1
20251022 19:24:00,3.2625,3.28,3.16,3.213025,3519308,0,2,2,1
20251022 19:25:00,3.20605,3.32,3.195,3.25025,2520031,0,2,2,0
20251022 19:26:00,3.243,3.29,3.23,3.263275,1685589,0,2,2,0
20251022 19:27:00,3.26655,3.34,3.26,3.3,2267340,0,2,2,0
20251022 19:28:00,3.3,3.4,3.3,3.3583,1879418,0,2,2,2
20251022 19:29:00,3.3558,3.4,3.33,3.3672,1239729,0,2,2,2
20251022 19:30:00,3.3694,3.3694,3.26,3.321925,1642091,0,2,2,0
20251022 19:31:00,3.33385,3.37,3.25,3.305375,1332710,0,2,2,1
20251022 19:32:00,3.30075,3.35,3.26,3.3,1020754,0,2,2,0
20251022 19:33:00,3.295,3.54,3.295,3.424625,2651507,0,2,2,0
20251022 19:34:00,3.41925,3.58,3.41925,3.53625,2059863,0,2,2,0
20251022 19:35:00,3.54,3.63,3.54,3.5925,1864582,0,2,2,0
20251022 19:36:00,3.595,3.65,3.42,3.5527,3405860,0,2,2,2
20251022 19:37:00,3.5704,3.5704,3.5,3.52275,1380584,0,2,2,0
20251022 19:38:00,3.5155,3.59,3.5155,3.56135,819089,0,2,2,0
20251022 19:39:00,3.5577,3.58,3.51,3.545,775522,0,2,2,0
20251022 19:40:00,3.545,3.545,3.43,3.4772,1781709,0,2,2,0
20251022 19:41:00,3.4794,3.4794,3.37,3.41625,1497861,0,2,2,0
20251022 19:42:00,3.4225,3.43,3.37,3.39645,1174268,0,2,2,0
20251022 19:43:00,3.3929,3.41,3.32,3.3586,1410834,0,2,2,1
20251022 19:44:00,3.3522,3.4,3.32,3.35875,1011901,0,2,2,0
20251022 19:45:00,3.3575,3.4,3.3575,3.382575,834701,0,2,2,0
20251022 19:46:00,3.38015,3.38015,3.26,3.33625,2109152,0,2,2,1
20251022 19:47:00,3.3525,3.4,3.33,3.363725,1675258,0,2,2,2
20251022 19:48:00,3.36245,3.39,3.36,3.375075,836980,0,2,2,0
20251022 19:49:00,3.37515,3.4,3.37,3.38375,1183026,0,2,2,0
20251022 19:50:00,3.3825,3.5,3.38,3.434375,2324891,0,2,2,0
20251022 19:51:00,3.42875,3.53,3.42875,3.5025,1486075,0,2,2,0
20251022 19:52:00,3.505,3.54,3.5,3.517575,1311988,0,2,2,2
20251022 19:53:00,3.51515,3.53,3.5,3.5143,977564,0,2,2,0
20251022 19:54:00,3.5136,3.53,3.46,3.50125,1696918,0,2,2,0
20251022 19:55:00,3.5075,3.5075,3.47,3.482525,1531571,0,2,2,0
20251022 19:56:00,3.48005,3.66,3.48,3.5675,3553646,0,2,2,2
20251022 19:57:00,3.565,3.64,3.565,3.61,1908605,0,2,2,0
20251022 19:58:00,3.61,3.66,3.56,3.615425,2355081,0,2,2,2
20251022 19:59:00,3.62085,3.66,3.55,3.612475,3735972,0,2,2,0
20251022 20:00:00,3.61995,3.64,3.56,3.60425,757150,0,2,2,0
20251022 20:01:00,3.6085,3.68,3.6085,3.635,0,0,2,2,2
20251022 20:02:00,3.625,3.63,3.41,3.5175,0,0,2,2,0
20251022 20:03:00,3.515,3.63,3.31,3.432525,0,0,2,2,1
20251022 20:04:00,3.39505,3.58,3.39,3.4625,0,0,2,2,0
20251022 20:05:00,3.44,3.49,3.44,3.4725,0,0,2,2,0
20251022 20:06:00,3.475,3.48,3.4,3.445,0,0,2,2,0
20251022 20:07:00,3.45,3.45,3.36,3.4125,0,0,2,2,0
20251022 20:08:00,3.42,3.44,3.39,3.415,0,0,2,2,0
20251022 20:09:00,3.415,3.415,3.29,3.347475,0,0,2,2,0
20251022 20:10:00,3.34995,3.58,3.16,3.305,0,0,2,2,2
20251022 20:11:00,3.24,3.28,3.14,3.187525,0,0,2,2,0
20251022 20:12:00,3.16505,3.19,3.05,3.13995,0,0,2,2,1
20251022 20:13:00,3.1599,3.26,3.15,3.202175,0,0,2,2,0
20251022 20:14:00,3.19935,3.32,3.17,3.25,0,0,2,2,0
20251022 20:15:00,3.255,3.34,3.24,3.302475,0,0,2,2,2
20251022 20:16:00,3.31495,3.34,3.25,3.295025,0,0,2,2,2
20251022 20:17:00,3.29505,3.29505,3.22,3.25,0,0,2,2,0
20251022 20:18:00,3.25,3.27,3.2,3.234975,0,0,2,2,0
20251022 20:19:00,3.23495,3.25,3.2,3.222475,0,0,2,2,0
20251022 20:20:00,3.21995,3.21995,3.16,3.187475,0,0,2,2,0
20251022 20:21:00,3.18995,3.18995,3.14,3.1625,0,0,2,2,1
20251022 20:22:00,3.165,3.21,3.15,3.175075,0,0,2,2,0
20251022 20:23:00,3.17015,3.19,3.16,3.17495,0,0,2,2,0
20251022 20:24:00,3.1749,3.1749,3.1,3.13745,0,0,2,2,0
20251022 20:25:00,3.1399,3.1399,3.06,3.087575,0,0,2,2,0
20251022 20:26:00,3.08515,3.08515,2.92,2.995,0,0,2,2,0
20251022 20:27:00,2.995,2.995,2.86,2.912525,0,0,2,2,1
20251022 20:28:00,2.92005,2.99,2.86,2.935,0,0,2,2,1
20251022 20:29:00,2.945,3,2.93,2.9725,0,0,2,2,0
20251022 20:30:00,2.98,3.07,2.98,3.02005,0,0,2,2,0
20251022 20:31:00,3.0101,3.11,3.0101,3.0675,0,0,2,2,2
20251022 20:32:00,3.065,3.11,3.06,3.087575,0,0,2,2,2
20251022 20:33:00,3.09015,3.09015,3.02,3.05505,0,0,2,2,0
20251022 20:34:00,3.0551,3.06,3.02,3.042575,0,0,2,2,0
20251022 20:35:00,3.04515,3.06,2.98,3.02,0,0,2,2,0
20251022 20:36:00,3.02,3.04,2.98,2.99995,0,0,2,2,0
20251022 20:37:00,2.9899,2.99,2.93,2.95995,0,0,2,2,1
20251022 20:38:00,2.9599,2.99,2.93,2.9575,0,0,2,2,1
20251022 20:39:00,2.955,3.04,2.955,3.0025,0,0,2,2,0
20251022 20:40:00,3.005,3.07,3,3.04,0,0,2,2,0
20251022 20:41:00,3.045,3.14,3.045,3.095,0,0,2,2,2
20251022 20:42:00,3.09,3.14,3.09,3.1325,0,0,2,2,2
20251022 20:43:00,3.135,3.14,3.05,3.095075,0,0,2,2,0
20251022 20:44:00,3.09515,3.12,3.05,3.085,0,0,2,2,0
20251022 20:45:00,3.085,3.17,3.085,3.13625,0,0,2,2,0
20251022 20:46:00,3.1375,3.22,3.1375,3.1874,0,0,2,2,0
20251022 20:47:00,3.18505,3.24,3.18505,3.22005,0,0,2,2,2
20251022 20:48:00,3.22,3.23,3.16,3.194975,0,0,2,2,0
20251022 20:49:00,3.19495,3.19495,3.1,3.14125,0,0,2,2,1
20251022 20:50:00,3.1475,3.17,3.12,3.1475,0,0,2,2,0
20251022 20:51:00,3.15,3.19,3.15,3.172425,0,0,2,2,0
20251022 20:52:00,3.17485,3.21,3.17485,3.1975,0,0,2,2,0
20251022 20:53:00,3.2,3.23,3.2,3.2175,0,0,2,2,2
20251022 20:54:00,3.22,3.23,3.1501,3.1976,0,0,2,2,2
20251022 20:55:00,3.20515,3.21,3.18,3.1925,0,0,2,2,0
20251022 20:56:00,3.19,3.19,3.13,3.15995,0,0,2,2,0
20251022 20:57:00,3.1599,3.1599,3.1,3.129925,0,0,2,2,0
20251022 20:58:00,3.13985,3.14,3.11,3.127425,0,0,2,2,0
20251022 20:59:00,3.12985,3.13,3.06,3.095,0,0,2,2,0
20251022 21:00:00,3.095,3.14,3,3.075,0,0,2,2,1
20251022 21:01:00,3.08,3.2,3.07,3.122475,0,0,2,2,2
20251022 21:02:00,3.10995,3.12,3.02,3.0825,0,0,2,2,0
20251022 21:03:00,3.095,3.095,3.03,3.06,0,0,2,2,0
20251022 21:04:00,3.06,3.09,3.04,3.065,0,0,2,2,0
20251022 21:05:00,3.065,3.09,3.06,3.0725,0,0,2,2,0
20251022 21:06:00,3.07,3.09,3.06,3.070025,0,0,2,2,0
20251022 21:07:00,3.06505,3.08,3.06,3.07,0,0,2,2,0
20251022 21:08:00,3.07,3.07,3.06,3.065,0,0,2,2,1
20251022 21:09:00,3.065,3.09,3.06,3.075,0,0,2,2,0
20251022 21:10:00,3.075,3.1,3.07,3.085,0,0,2,2,2
20251022 21:11:00,3.085,3.0998,3.01,3.05245,0,0,2,2,0
20251022 21:12:00,3.05,3.05,2.93,2.9825,0,0,2,2,0
20251022 21:13:00,2.99,2.99,2.9001,2.934975,0,0,2,2,0
20251022 21:14:00,2.9349,2.9349,2.85,2.89,0,0,2,2,1
20251022 21:15:00,2.895,2.895,2.85,2.869975,0,0,2,2,1
20251022 21:16:00,2.86995,2.94,2.85,2.8925,0,0,2,2,1
20251022 21:17:00,2.89,2.98,2.89,2.932425,0,0,2,2,2
20251022 21:18:00,2.91985,2.97,2.91985,2.9375,0,0,2,2,0
20251022 21:19:00,2.93,2.94,2.92,2.925,0,0,2,2,0
20251022 21:20:00,2.92,2.96,2.92,2.934975,0,0,2,2,0
20251022 21:21:00,2.92995,2.94,2.89,2.912525,0,0,2,2,0
20251022 21:22:00,2.91005,2.93,2.88,2.9075,0,0,2,2,1
20251022 21:23:00,2.91,2.94,2.91,2.922575,0,0,2,2,0
20251022 21:24:00,2.92015,2.96,2.92,2.942425,0,0,2,2,0
20251022 21:25:00,2.94485,2.99,2.94485,2.96,0,0,2,2,2
20251022 21:26:00,2.95,2.98,2.95,2.96745,0,0,2,2,0
20251022 21:27:00,2.9699,2.98,2.96,2.975,0,0,2,2,0
20251022 21:28:00,2.98,2.98,2.91,2.945,0,0,2,2,0
20251022 21:29:00,2.945,2.945,2.9,2.9175,0,0,2,2,1
20251022 21:30:00,2.92,2.94,2.91,2.9226,0,0,2,2,0
20251022 21:31:00,2.9202,2.94,2.9,2.92,0,0,2,2,0
20251022 21:32:00,2.92,2.92,2.85,2.88,0,0,2,2,0
20251022 21:33:00,2.88,2.88,2.85,2.85995,0,0,2,2,0
20251022 21:34:00,2.8599,2.86,2.81,2.84,0,0,2,2,0
20251022 21:35:00,2.845,2.85,2.8,2.8225,0,0,2,2,1
20251022 21:36:00,2.82,2.86,2.8,2.8325,0,0,2,2,1
20251022 21:37:00,2.835,2.87,2.83,2.85,0,0,2,2,2
20251022 21:38:00,2.85,2.85,2.81,2.82995,0,0,2,2,0
20251022 21:39:00,2.8299,2.8299,2.78,2.802475,0,0,2,2,0
20251022 21:40:00,2.80495,2.80495,2.73,2.76,0,0,2,2,0
20251022 21:41:00,2.76,2.76,2.7,2.720025,0,0,2,2,0
20251022 21:42:00,2.72005,2.72005,2.65,2.68,0,0,2,2,1
20251022 21:43:00,2.68,2.8,2.65,2.715,0,0,2,2,1
20251022 21:44:00,2.705,2.78,2.705,2.7625,0,0,2,2,0
20251022 21:45:00,2.765,2.81,2.75,2.77005,0,0,2,2,0
20251022 21:46:00,2.7601,2.83,2.76,2.797475,0,0,2,2,2
20251022 21:47:00,2.79995,2.83,2.79995,2.81995,0,0,2,2,2
20251022 21:48:00,2.8199,2.82,2.77,2.8,0,0,2,2,0
20251022 21:49:00,2.805,2.805,2.76,2.777525,0,0,2,2,0
20251022 21:50:00,2.77505,2.78,2.68,2.73,0,0,2,2,0
20251022 21:51:00,2.73,2.73,2.63,2.665075,0,0,2,2,1
20251022 21:52:00,2.66015,2.72,2.63,2.665,0,0,2,2,1
20251022 21:53:00,2.655,2.72,2.655,2.699925,0,0,2,2,0
20251022 21:54:00,2.705,2.74,2.68,2.7125,0,0,2,2,2
20251022 21:55:00,2.715,2.74,2.715,2.73,0,0,2,2,2
20251022 21:56:00,2.73,2.73,2.66,2.6975,0,0,2,2,0
20251022 21:57:00,2.7,2.7,2.63,2.665025,0,0,2,2,0
20251022 21:58:00,2.67005,2.7,2.65,2.677375,0,0,2,2,0
20251022 21:59:00,2.67975,2.67975,2.61,2.64,0,0,2,2,0
20251022 22:00:00,2.64,2.68,2.6,2.637475,0,0,2,2,0
20251022 22:01:00,2.63495,2.65,2.6,2.62255,0,0,2,2,0
20251022 22:02:00,2.6201,2.63,2.57,2.5975,0,0,2,2,0
20251022 22:03:00,2.595,2.595,2.53,2.5625,0,0,2,2,0
20251022 22:04:00,2.565,2.61,2.52,2.565,0,0,2,2,1
20251022 22:05:00,2.565,2.6,2.55,2.587425,0,0,2,2,0
20251022 22:06:00,2.59985,2.7,2.59,2.645,0,0,2,2,0
20251022 22:07:00,2.645,2.73,2.64,2.6975,0,0,2,2,0
20251022 22:08:00,2.71,2.7705,2.66,2.70515,0,0,2,2,2
20251022 22:09:00,2.69505,2.69505,2.65,2.6675,0,0,2,2,0
20251022 22:10:00,2.67,2.68,2.62,2.649975,0,0,2,2,0
20251022 22:11:00,2.64995,2.64995,2.61,2.627375,0,0,2,2,1
20251022 22:12:00,2.62975,2.69,2.61,2.65,0,0,2,2,1
20251022 22:13:00,2.65,2.7,2.65,2.682525,0,0,2,2,2
20251022 22:14:00,2.68005,2.68005,2.65,2.665,0,0,2,2,0
20251022 22:15:00,2.665,2.67,2.65,2.662475,0,0,2,2,0
20251022 22:16:00,2.66495,2.77,2.66,2.714875,0,0,2,2,2
20251022 22:17:00,2.71475,2.77,2.71475,2.75245,0,0,2,2,2
20251022 22:18:00,2.75985,2.76,2.7,2.7325,0,0,2,2,0
20251022 22:19:00,2.735,2.74,2.69,2.72,0,0,2,2,0
20251022 22:20:00,2.725,2.74,2.7,2.72,0,0,2,2,0
20251022 22:21:00,2.72,2.77,2.71,2.7425,0,0,2,2,0
20251022 22:22:00,2.745,2.8202,2.745,2.790025,0,0,2,2,0
20251022 22:23:00,2.78995,2.85,2.78995,2.81995,0,0,2,2,2
20251022 22:24:00,2.8149,2.82,2.7698,2.79495,0,0,2,2,0
20251022 22:25:00,2.795,2.81,2.78,2.797525,0,0,2,2,0
20251022 22:26:00,2.80005,2.84,2.8,2.82,0,0,2,2,0
20251022 22:27:00,2.82,2.88,2.8187,2.837175,0,0,2,2,2
20251022 22:28:00,2.825,2.85,2.79,2.8125,0,0,2,2,0
20251022 22:29:00,2.805,2.805,2.7299,2.77,0,0,2,2,1
20251022 22:30:00,2.77505,2.79,2.74,2.77,0,0,2,2,0
20251022 22:31:00,2.775,2.86,2.775,2.8225,0,0,2,2,0
20251022 22:32:00,2.825,2.9,2.825,2.865,0,0,2,2,2
20251022 22:33:00,2.86,2.89,2.84,2.8675,0,0,2,2,0
20251022 22:34:00,2.87,2.9,2.86,2.875,0,0,2,2,2
20251022 22:35:00,2.87,2.89,2.85,2.875,0,0,2,2,0
20251022 22:36:00,2.88,2.88,2.84,2.8625,0,0,2,2,0
20251022 22:37:00,2.865,2.87,2.83,2.8525,0,0,2,2,1
20251022 22:38:00,2.855,2.88,2.855,2.8675,0,0,2,2,0
20251022 22:39:00,2.865,2.87,2.86,2.865,0,0,2,2,0
20251022 22:40:00,2.865,2.87,2.83,2.85,0,0,2,2,0
20251022 22:41:00,2.85,2.85,2.79,2.82,0,0,2,2,1
20251022 22:42:00,2.825,2.825,2.8,2.81,0,0,2,2,0
20251022 22:43:00,2.81,2.87,2.8,2.83,0,0,2,2,2
20251022 22:44:00,2.825,2.85,2.825,2.842475,0,0,2,2,0
20251022 22:45:00,2.84495,2.86,2.84,2.8475,0,0,2,2,0
20251022 22:46:00,2.845,2.89,2.845,2.87215,0,0,2,2,0
20251022 22:47:00,2.8743,2.95,2.8743,2.91245,0,0,2,2,0
20251022 22:48:00,2.9099,2.96,2.9099,2.944925,0,0,2,2,0
20251022 22:49:00,2.94985,2.98,2.94985,2.965,0,0,2,2,0
20251022 22:50:00,2.965,3.05,2.965,3.01,0,0,2,2,0
20251022 22:51:00,3.01,3.12,3.01,3.074975,0,0,2,2,0
20251022 22:52:00,3.07495,3.13,3.07495,3.105,0,0,2,2,2
20251022 22:53:00,3.105,3.11,3.02,3.0675,0,0,2,2,0
20251022 22:54:00,3.07,3.07,3.03,3.0425,0,0,2,2,0
20251022 22:55:00,3.035,3.11,3.03,3.0675,0,0,2,2,0
20251022 22:56:00,3.065,3.13,3.065,3.11,0,0,2,2,0
20251022 22:57:00,3.11,3.17,3.11,3.14265,0,0,2,2,0
20251022 22:58:00,3.1403,3.28,3.1403,3.22,0,0,2,2,0
20251022 22:59:00,3.22,3.31,3.2,3.2575,0,0,2,2,2
20251022 23:00:00,3.26,3.29,3.16,3.215,0,0,2,2,0
20251022 23:01:00,3.205,3.205,3.1,3.1575,0,0,2,2,1
20251022 23:02:00,3.17,3.24,3.16,3.199975,0,0,2,2,0
20251022 23:03:00,3.19995,3.28,3.19995,3.2375,0,0,2,2,0
20251022 23:04:00,3.235,3.27,3.22,3.2375,0,0,2,2,0
20251022 23:05:00,3.23,3.28,3.16,3.2175,0,0,2,2,2
20251022 23:06:00,3.215,3.215,3.12,3.169925,0,0,2,2,1
20251022 23:07:00,3.17985,3.2,3.14,3.1625,0,0,2,2,0
20251022 23:08:00,3.155,3.25,3.14,3.190075,0,0,2,2,0
20251022 23:09:00,3.18515,3.24,3.18515,3.22,0,0,2,2,0
20251022 23:10:00,3.22,3.23,3.17,3.197575,0,0,2,2,0
20251022 23:11:00,3.19515,3.21,3.17,3.189975,0,0,2,2,0
20251022 23:12:00,3.18995,3.25,3.18995,3.227475,0,0,2,2,2
20251022 23:13:00,3.22995,3.25,3.21,3.23,0,0,2,2,2
20251022 23:14:00,3.23,3.23,3.17,3.205,0,0,2,2,0
20251022 23:15:00,3.21,3.21,3.18,3.195,0,0,2,2,0
20251022 23:16:00,3.195,3.195,3.15,3.17245,0,0,2,2,1
20251022 23:17:00,3.1749,3.18,3.15,3.1625,0,0,2,2,1
20251022 23:18:00,3.16,3.23,3.15,3.187575,0,0,2,2,1
20251022 23:19:00,3.18515,3.31,3.18515,3.2371,0,0,2,2,2
20251022 23:20:00,3.2192,3.24,3.21,3.2175,0,0,2,2,0
20251022 23:21:00,3.21,3.24,3.21,3.22745,0,0,2,2,0
20251022 23:22:00,3.2299,3.28,3.2299,3.2575,0,0,2,2,0
20251022 23:23:00,3.26,3.28,3.2,3.242475,0,0,2,2,1
20251022 23:24:00,3.24495,3.25,3.2,3.225,0,0,2,2,1
20251022 23:25:00,3.225,3.25,3.21,3.23,0,0,2,2,0
20251022 23:26:00,3.23,3.23,3.2,3.2125,0,0,2,2,0
20251022 23:27:00,3.215,3.215,3.14,3.1725,0,0,2,2,0
20251022 23:28:00,3.17,3.17,3.08,3.1225,0,0,2,2,1
20251022 23:29:00,3.135,3.21,3.13,3.165,0,0,2,2,0
20251022 23:30:00,3.16,3.21,3.16,3.1875,0,0,2,2,0
20251022 23:31:00,3.185,3.22,3.18,3.2025,0,0,2,2,0
20251022 23:32:00,3.205,3.24,3.18,3.207525,0,0,2,2,2
20251022 23:33:00,3.20505,3.24,3.20505,3.22,0,0,2,2,2
20251022 23:34:00,3.215,3.22,3.2,3.210125,0,0,2,2,0
20251022 23:35:00,3.21025,3.24,3.2,3.22,0,0,2,2,2
20251022 23:36:00,3.22,3.24,3.22,3.23,0,0,2,2,2
20251022 23:37:00,3.23,3.23,3.2,3.214925,0,0,2,2,0
20251022 23:38:00,3.21485,3.22,3.2,3.209925,0,0,2,2,0
20251022 23:39:00,3.20985,3.21,3.15,3.185025,0,0,2,2,1
20251022 23:40:00,3.19005,3.2,3.17,3.185,0,0,2,2,0
20251022 23:41:00,3.185,3.19,3.15,3.1725,0,0,2,2,0
20251022 23:42:00,3.175,3.175,3.1098,3.142325,0,0,2,2,0
20251022 23:43:00,3.14975,3.14975,3.08,3.11,0,0,2,2,1
20251022 23:44:00,3.11,3.15,3.08,3.11,0,0,2,2,1
20251022 23:45:00,3.105,3.13,3.105,3.12,0,0,2,2,0
20251022 23:46:00,3.12,3.12,3.08,3.1025,0,0,2,2,1
20251022 23:47:00,3.105,3.105,3.08,3.09,0,0,2,2,1
20251022 23:48:00,3.09,3.12,3.08,3.1025,0,0,2,2,1
20251022 23:49:00,3.105,3.12,3.08,3.1,0,0,2,2,1
20251022 23:50:00,3.1,3.17,3.09,3.122575,0,0,2,2,2
20251022 23:51:00,3.11515,3.16,3.11515,3.1475,0,0,2,2,0
20251022 23:52:00,3.15,3.16,3.14,3.147575,0,0,2,2,0
20251022 23:53:00,3.14515,3.2,3.13,3.167475,0,0,2,2,0
20251022 23:54:00,3.16995,3.2102,3.16,3.1951,0,0,2,2,0
20251022 23:55:00,3.2051,3.22,3.1898,3.20495,0,0,2,2,2
20251022 23:56:00,3.205,3.205,3.18,3.18995,0,0,2,2,0
20251022 23:57:00,3.1899,3.19,3.17,3.17755,0,0,2,2,0
20251022 23:58:00,3.1751,3.18,3.13,3.165,0,0,2,2,0
20251022 23:59:00,3.175,3.2,3.16,3.17995,0,0,2,2,0
