20251022 08:12:00,5.5,5.5,5.5,5.5,0,0,2,2,0
20251022 08:13:00,5.5,5.5,5.5,5.5,0,0,2,2,0
20251022 08:16:00,5.5,5.5,5.5,5.5,0,0,2,2,0
20251022 08:20:00,5.5,5.5,5.5,5.5,0,0,2,2,2
20251022 09:30:00,5.5,5.5,5.49,5.49,0,0,2,2,0
20251022 09:55:00,5.49,5.49,5.45,5.45,0,0,2,2,1
20251022 10:00:00,5.45,5.57,5.45,5.53,0,0,2,2,1
20251022 10:01:00,5.53,5.57,5.53,5.57,0,0,2,2,0
20251022 10:02:00,5.57,5.57,5.57,5.57,0,0,2,2,0
20251022 10:03:00,5.57,5.63,5.55,5.59,0,0,2,2,0
20251022 10:04:00,5.59,5.69,5.59,5.69,0,0,2,2,0
20251022 10:05:00,5.69,5.7,5.69,5.695,0,0,2,2,2
20251022 10:07:00,5.695,5.695,5.59,5.595,0,0,2,2,0
20251022 10:08:00,5.595,5.595,5.46,5.46,0,0,2,2,1
20251022 10:11:00,5.46,5.47,5.46,5.47,0,0,2,2,1
20251022 10:24:00,5.47,5.65,5.47,5.65,0,0,2,2,0
20251022 10:27:00,5.65,5.75,5.65,5.715,0,0,2,2,0
20251022 10:28:00,5.715,5.79,5.715,5.77,0,0,2,2,2
20251022 10:29:00,5.77,5.79,5.77,5.78,0,0,2,2,2
20251022 10:33:00,5.78,5.78,5.51,5.53,0,0,2,2,1
20251022 10:34:00,5.53,5.53,5.51,5.51,0,0,2,2,1
20251022 10:50:00,5.51,5.68,5.51,5.68,0,0,2,2,1
20251022 10:52:00,5.68,5.68,5.62,5.62,0,0,2,2,0
20251022 10:56:00,5.62,5.62,5.62,5.62,0,0,2,2,0
20251022 11:00:00,5.62,5.72,5.62,5.69,0,0,2,2,2
20251022 11:04:00,5.705,5.705,5.56,5.5925,0,0,2,2,0
20251022 11:05:00,5.59,5.59,5.55,5.55,0,0,2,2,0
20251022 11:08:00,5.55,5.55,5.46,5.46,0,0,2,2,0
20251022 11:09:00,5.46,5.46,5.45,5.455,0,0,2,2,1
20251022 11:10:00,5.455,5.455,5.45,5.45,0,0,2,2,1
20251022 11:15:00,5.45,5.45,5.45,5.45,0,0,2,2,1
20251022 11:31:00,5.45,5.82,5.45,5.795,0,0,2,2,1
20251022 11:32:00,5.795,5.84,5.795,5.825,0,0,2,2,0
20251022 11:33:00,5.83,6.18,5.83,6.02,0,0,2,2,0
20251022 11:34:00,6.02,6.19,5.87,6.0525,0,0,2,2,0
20251022 11:35:00,6.075,6.075,6.03,6.05,0,0,2,2,0
20251022 11:36:00,6.05,6.22,6.05,6.1975,0,0,2,2,0
20251022 11:37:00,6.195,6.37,6.19,6.2825,0,0,2,2,0
20251022 11:38:00,6.285,6.59,6.285,6.43,0,0,2,2,0
20251022 11:39:00,6.38,6.65,6.19,6.405,0,0,2,2,2
20251022 11:40:00,6.39,6.39,6.13,6.195,0,0,2,2,0
20251022 11:41:00,6.19,6.27,6.09,6.1575,0,0,2,2,0
20251022 11:42:00,6.135,6.15,6.03,6.12,0,0,2,2,1
20251022 11:43:00,6.15,6.39,6.15,6.2475,0,0,2,2,2
20251022 11:44:00,6.225,6.35,6.225,6.325,0,0,2,2,0
20251022 11:45:00,6.325,6.325,6.32,6.32,0,0,2,2,0
20251022 11:46:00,6.32,6.34,6.3,6.32,0,0,2,2,0
20251022 11:47:00,6.32,6.42,6.32,6.3825,0,0,2,2,2
20251022 11:48:00,6.385,6.42,6.385,6.415,0,0,2,2,0
20251022 11:49:00,6.415,6.415,6.3,6.3175,0,0,2,2,1
20251022 11:50:00,6.305,6.54,6.3,6.385,0,0,2,2,1
20251022 11:51:00,6.35,6.58,6.34,6.455,0,0,2,2,0
20251022 11:52:00,6.45,6.63,6.45,6.5625,0,0,2,2,2
20251022 11:53:00,6.56,6.56,6.42,6.4975,0,0,2,2,0
20251022 11:54:00,6.505,6.505,6.35,6.4075,0,0,2,2,0
20251022 11:55:00,6.4,6.53,6.34,6.4325,0,0,2,2,0
20251022 11:56:00,6.43,6.46,6.34,6.4025,0,0,2,2,0
20251022 11:57:00,6.405,6.405,6.13,6.2375,0,0,2,2,0
20251022 11:58:00,6.25,6.25,6.1,6.13475,0,0,2,2,0
20251022 11:59:00,6.1295,6.1295,5.9,6.03,0,0,2,2,0
20251022 12:00:00,6.06,6.71,5.45,6.0075,0,0,2,2,1
20251022 12:03:00,5.935,6.48,5.935,6.345,0,0,2,2,0
20251022 12:04:00,6.33,6.58,6.24,6.39,0,0,2,2,0
20251022 12:05:00,6.37,6.39,6.2497,6.316175,0,0,2,2,0
20251022 12:06:00,6.3125,6.315,6.22,6.25875,0,0,2,2,0
20251022 12:07:00,6.25,6.33,6.2,6.28925,0,0,2,2,1
20251022 12:08:00,6.3135,6.324,6.25,6.29595,0,0,2,2,0
20251022 12:09:00,6.3049,6.31,6.3,6.305,0,0,2,2,0
20251022 12:10:00,6.305,6.31,6.25,6.275,0,0,2,2,0
20251022 12:11:00,6.27,6.31,6.25,6.2775,0,0,2,2,1
20251022 12:12:00,6.275,6.275,6.2528,6.2528,0,0,2,2,0
20251022 12:13:00,6.2528,6.46,6.2528,6.45995,0,0,2,2,2
20251022 12:14:00,6.45995,6.45995,6.35,6.4,0,0,2,2,0
20251022 12:15:00,6.4,6.4,6.35,6.3518,0,0,2,2,0
20251022 12:16:00,6.35,6.36,6.3,6.3175,0,0,2,2,0
20251022 12:17:00,6.305,6.35,6.3,6.325,0,0,2,2,0
20251022 12:18:00,6.325,6.325,6.23,6.24505,0,0,2,2,0
20251022 12:19:00,6.24505,6.26,6.22,6.235575,0,0,2,2,1
20251022 12:20:00,6.23115,6.26,6.22,6.2325,0,0,2,2,0
20251022 12:21:00,6.225,6.3,6.22,6.2625,0,0,2,2,0
20251022 12:22:00,6.265,6.265,6.2133,6.2316,0,0,2,2,1
20251022 12:23:00,6.2316,6.3,6.22,6.264975,0,0,2,2,0
20251022 12:24:00,6.26995,6.26995,6.23,6.241275,0,0,2,2,0
20251022 12:25:00,6.2414,6.32,6.2414,6.275,0,0,2,2,2
20251022 12:26:00,6.265,6.3,6.265,6.294425,0,0,2,2,0
20251022 12:27:00,6.295,6.295,6.25,6.269425,0,0,2,2,0
20251022 12:28:00,6.26885,6.28,6.2403,6.260076,0,0,2,2,1
20251022 12:29:00,6.26,6.28,6.25,6.265,0,0,2,2,0
20251022 12:30:00,6.265,6.28,6.25,6.2725,0,0,2,2,0
20251022 12:31:00,6.28,6.28,6.2201,6.265025,0,0,2,2,1
20251022 12:32:00,6.28,6.28,6.26,6.2699,0,0,2,2,2
20251022 12:33:00,6.2698,6.28,6.23,6.262475,0,0,2,2,2
20251022 12:34:00,6.26995,6.2795,6.24,6.262375,0,0,2,2,0
20251022 12:35:00,6.265,6.265,6.22,6.24,0,0,2,2,1
20251022 12:36:00,6.24,6.28,6.24,6.263575,0,0,2,2,0
20251022 12:37:00,6.26215,6.4,6.2588,6.3297,0,0,2,2,0
20251022 12:38:00,6.33,6.57,6.33,6.482125,0,0,2,2,0
20251022 12:39:00,6.48,6.84,6.48,6.662625,0,0,2,2,0
20251022 12:40:00,6.63025,7.17,6.63025,6.896875,0,0,2,2,2
20251022 12:41:00,6.85875,7.03,6.83,6.93,0,0,2,2,0
20251022 12:42:00,6.93,6.93,6.61,6.773125,0,0,2,2,0
20251022 12:43:00,6.79125,6.79125,6.65,6.7356,0,0,2,2,0
20251022 12:44:00,6.7562,6.98,6.7224,6.843725,0,0,2,2,0
20251022 12:45:00,6.83625,7,6.72,6.880575,0,0,2,2,2
20251022 12:46:00,6.90115,6.90115,6.61,6.7475,0,0,2,2,1
20251022 12:47:00,6.75,6.77,6.61,6.7031,0,0,2,2,1
20251022 12:48:00,6.7162,6.81,6.61,6.7206,0,0,2,2,1
20251022 12:49:00,6.7312,6.95,6.7312,6.859375,0,0,2,2,0
20251022 12:50:00,6.85875,7.29,6.85,7.065,0,0,2,2,2
20251022 12:51:00,7.06,7.26,7.04,7.16065,0,0,2,2,0
20251022 12:52:00,7.1713,7.27,7.09,7.1825,0,0,2,2,0
20251022 12:53:00,7.185,7.27,7.1,7.18315,0,0,2,2,0
20251022 12:54:00,7.1813,7.21,7.1,7.16435,0,0,2,2,0
20251022 12:55:00,7.1737,7.25,7.09,7.17935,0,0,2,2,1
20251022 12:56:00,7.1887,7.24,7.1,7.1769,0,0,2,2,0
20251022 12:57:00,7.1838,7.545,7.1226,7.2869,0,0,2,2,0
20251022 12:58:00,7.24,7.94,7.24,7.5982,0,0,2,2,2
20251022 12:59:00,7.5764,7.86,7.56,7.685,0,0,2,2,0
20251022 13:00:00,7.66,7.77,7.52,7.6125,0,0,2,2,0
20251022 13:01:00,7.58,7.59,7.36,7.482875,0,0,2,2,0
20251022 13:02:00,7.49075,7.7497,7.3127,7.5353,0,0,2,2,1
20251022 13:03:00,7.5394,8.15,7.5394,7.8675,0,0,2,2,2
20251022 13:04:00,7.84,8.15,7.84,8.0091,0,0,2,2,0
20251022 13:05:00,8.0032,8.0597,7.89,7.972275,0,0,2,2,0
20251022 13:06:00,7.9697,8.3,7.9,8.094275,0,0,2,2,2
20251022 13:07:00,8.088551,8.26,8.02,8.1525,0,0,2,2,0
20251022 13:08:00,8.165,8.29,8.0503,8.1833,0,0,2,2,0
20251022 13:09:00,8.196449,8.29,8.09,8.22925,0,0,2,2,0
20251022 13:10:00,8.268499,8.4,8.15,8.2922,0,0,2,2,0
20251022 13:11:00,8.309401,8.75,8.2,8.5125,0,0,2,2,0
20251022 13:12:00,8.55,8.88,8.42,8.632576,0,0,2,2,2
20251022 13:13:00,8.61515,8.61515,8.22,8.402526,0,0,2,2,0
20251022 13:14:00,8.425051,8.425051,8.0401,8.23735,0,0,2,2,0
20251022 13:15:00,8.271151,8.271151,7.87,8.041775,0,0,2,2,0
20251022 13:16:00,8.05355,8.18,7.87,7.977325,0,0,2,2,0
20251022 13:17:00,7.92965,7.99,7.78,7.909925,0,0,2,2,0
20251022 13:18:00,7.93485,7.93485,7.5724,7.7806,0,0,2,2,0
20251022 13:19:00,7.815,7.87,7.32,7.5775,0,0,2,2,1
20251022 13:20:00,7.56,7.56,7.34,7.427475,0,0,2,2,0
20251022 13:21:00,7.41995,7.63,7.38,7.497425,0,0,2,2,0
20251022 13:22:00,7.48985,7.59,7.38,7.4847,0,0,2,2,0
20251022 13:23:00,7.4844,7.5,7.26,7.370675,0,0,2,2,0
20251022 13:24:00,7.36135,7.39,7.21,7.305,0,0,2,2,1
20251022 13:25:00,7.31,7.4497,7.31,7.36925,0,0,2,2,0
20251022 13:26:00,7.35865,7.4,7.28,7.33,0,0,2,2,0
20251022 13:27:00,7.32,7.409,7.22,7.28845,0,0,2,2,0
20251022 13:28:00,7.2624,7.2624,6.95,7.1025,0,0,2,2,0
20251022 13:29:00,7.11,7.11,6.79,6.8875,0,0,2,2,0
20251022 13:30:00,6.88,6.9495,6.67,6.79935,13530310,0,2,2,0
20251022 13:31:00,6.78895,6.78895,6.47,6.67085,575119,0,2,2,1
20251022 13:32:00,6.7192,7.1,6.63,6.870025,498326,0,2,2,0
20251022 13:33:00,6.87505,7.08,6.7,6.895875,387250,0,2,2,0
20251022 13:34:00,6.90175,6.90175,6.4,6.6575,711960,0,2,2,1
20251022 13:35:00,6.7,6.7,6.51,6.609625,219266,0,2,2,0
20251022 13:36:00,6.62925,6.76,6.5,6.5925,297113,0,2,2,0
20251022 13:37:00,6.555,6.58,6.28,6.4875,538660,0,2,2,0
20251022 13:38:00,6.545,6.58,6.1822,6.40055,303237,0,2,2,0
20251022 13:39:00,6.42,6.49,6.2013,6.3453,365246,0,2,2,0
20251022 13:40:00,6.34495,6.48,6.18,6.3712,592467,0,2,2,1
20251022 13:41:00,6.4124,6.75,6.4124,6.550025,541524,0,2,2,0
20251022 13:42:00,6.51505,6.97,6.5064,6.754075,462058,0,2,2,2
20251022 13:43:00,6.76995,6.97,6.51,6.730575,575989,0,2,2,2
20251022 13:44:00,6.72115,6.72115,6.5402,6.629125,152588,0,2,2,0
20251022 13:45:00,6.6285,6.7,6.3601,6.52535,485982,0,2,2,0
20251022 13:46:00,6.52065,6.52065,6.23,6.32,240105,0,2,2,0
20251022 13:47:00,6.315,6.3536,6.16,6.2384,307928,0,2,2,0
20251022 13:48:00,6.22,6.2298,6.1,6.1603,289607,0,2,2,1
20251022 13:49:00,6.1557,6.3,6.13,6.19375,312721,0,2,2,0
20251022 13:50:00,6.1725,6.28,6.13,6.188476,137080,0,2,2,0
20251022 13:51:00,6.17195,6.35,6.02,6.2025,313090,0,2,2,0
20251022 13:52:00,6.22,6.3999,6.04,6.2174,265612,0,2,2,2
20251022 13:53:00,6.21485,6.21485,5.95,6.101625,330228,0,2,2,0
20251022 13:54:00,6.12325,6.15,6,6.07,75327,0,2,2,0
20251022 13:55:00,6.065,6.065,5.85,5.95625,252279,0,2,2,0
20251022 13:56:00,5.9675,6.1,5.67,5.915,400217,0,2,2,0
20251022 13:57:00,5.945,6.1099,5.67,5.872,339366,0,2,2,0
20251022 13:58:00,5.85405,5.85405,5.66,5.7275,256273,0,2,2,0
20251022 13:59:00,5.7,5.8,5.58,5.66025,154968,0,2,2,0
20251022 14:00:00,5.6305,5.6499,5.41,5.56265,428966,0,2,2,1
20251022 14:01:00,5.59535,5.6999,5.4832,5.571575,197330,0,2,2,0
20251022 14:02:00,5.5516,5.5516,5.42,5.47025,90577,0,2,2,0
20251022 14:03:00,5.4655,5.51,5.44,5.474975,98577,0,2,2,0
20251022 14:04:00,5.47495,5.5,5.4,5.452475,137356,0,2,2,0
20251022 14:05:00,5.45495,5.61,5.3801,5.473275,145139,0,2,2,2
20251022 14:06:00,5.4515,5.5,5.37,5.438625,107945,0,2,2,0
20251022 14:07:00,5.44225,5.44225,5.3403,5.37265,67096,0,2,2,0
20251022 14:08:00,5.37265,5.4095,5.1,5.25985,300384,0,2,2,1
20251022 14:09:00,5.26495,5.33,5.17,5.237575,195438,0,2,2,0
20251022 14:10:00,5.22515,5.37,5.22515,5.316025,81718,0,2,2,0
20251022 14:11:00,5.31705,5.47,5.31705,5.390025,219711,0,2,2,2
20251022 14:12:00,5.385,5.47,5.23,5.37375,208144,0,2,2,2
20251022 14:13:00,5.3975,5.3975,5.2819,5.337225,82837,0,2,2,0
20251022 14:14:00,5.3525,5.3525,5.2,5.2842,122562,0,2,2,0
20251022 14:15:00,5.2984,5.2984,5.17,5.22125,64903,0,2,2,1
20251022 14:16:00,5.2325,5.26,5.1802,5.22975,57373,0,2,2,0
20251022 14:17:00,5.2394,5.3,5.2394,5.264775,62519,0,2,2,0
20251022 14:18:00,5.25455,5.2581,4.95,5.118325,366499,0,2,2,0
20251022 14:19:00,5.1326,5.1326,4.95,5.01555,125651,0,2,2,0
20251022 14:20:00,5.0111,5.0111,4.8401,4.9188,220530,0,2,2,0
20251022 14:21:00,4.92005,4.98,4.8,4.8575,176700,0,2,2,0
20251022 14:22:00,4.825,4.825,4.6587,4.75595,227823,0,2,2,1
20251022 14:23:00,4.78005,4.95,4.78,4.8603,219172,0,2,2,0
20251022 14:24:00,4.8556,5,4.8556,4.952,69555,0,2,2,2
20251022 14:25:00,4.949,5,4.9454,4.96715,70181,0,2,2,2
20251022 14:26:00,4.9616,5,4.78,4.89625,134835,0,2,2,1
20251022 14:27:00,4.9025,4.9025,4.78,4.82345,84596,0,2,2,1
20251022 14:28:00,4.8269,4.87,4.8032,4.837025,103398,0,2,2,0
20251022 14:29:00,4.83745,4.9,4.8117,4.854175,58649,0,2,2,0
20251022 14:30:00,4.8525,5.03,4.8525,4.9438,107589,0,2,2,2
20251022 14:31:00,4.92255,5.01,4.92,4.96965,78709,0,2,2,0
20251022 14:32:00,4.9743,5.03,4.97,5,87090,0,2,2,0
20251022 14:33:00,5,5.06,4.982,5.0102,53270,0,2,2,2
20251022 14:34:00,4.9994,4.9994,4.92,4.9597,43966,0,2,2,0
20251022 14:35:00,4.9644,4.9899,4.9031,4.958225,18623,0,2,2,1
20251022 14:36:00,4.96995,4.99,4.95,4.96875,18270,0,2,2,0
20251022 14:37:00,4.9675,5.05,4.93,4.9975,53830,0,2,2,2
20251022 14:38:00,5.005,5.05,4.96,5.0175,31262,0,2,2,2
20251022 14:39:00,5.03,5.03,4.96,4.99735,19723,0,2,2,0
20251022 14:40:00,5.0047,5.0047,4.98,4.989975,8250,0,2,2,0
20251022 14:41:00,4.98995,4.98995,4.79,4.89505,123839,0,2,2,1
20251022 14:42:00,4.91005,4.91005,4.82,4.86245,39224,0,2,2,0
20251022 14:43:00,4.8649,4.93,4.8649,4.89465,52143,0,2,2,0
20251022 14:44:00,4.8893,4.935,4.88,4.91375,14237,0,2,2,0
20251022 14:45:00,4.92,4.9499,4.89,4.92495,29743,0,2,2,2
20251022 14:46:00,4.92995,4.93,4.9012,4.9156,6643,0,2,2,0
20251022 14:47:00,4.9156,4.9156,4.8412,4.86965,34860,0,2,2,0
20251022 14:48:00,4.8662,4.87,4.815,4.84125,76951,0,2,2,0
20251022 14:49:00,4.84,4.84,4.79,4.819475,150419,0,2,2,0
20251022 14:50:00,4.82395,4.82395,4.62,4.72,163281,0,2,2,1
20251022 14:51:00,4.72,4.76,4.63,4.6825,92080,0,2,2,0
20251022 14:52:00,4.67,4.744,4.67,4.7195,25736,0,2,2,0
20251022 14:53:00,4.722,4.77,4.705,4.74125,22080,0,2,2,0
20251022 14:54:00,4.745,4.77,4.715,4.7375,13298,0,2,2,2
20251022 14:55:00,4.7325,4.77,4.69,4.7325,65235,0,2,2,0
20251022 14:56:00,4.735,4.75,4.72,4.74,13527,0,2,2,0
20251022 14:57:00,4.745,4.78,4.7301,4.7575,18750,0,2,2,0
20251022 14:58:00,4.75995,4.87,4.75995,4.8025,69736,0,2,2,0
20251022 14:59:00,4.785,4.99,4.785,4.89,111799,0,2,2,0
20251022 15:00:00,4.89,5,4.89,4.96375,40246,0,2,2,2
20251022 15:01:00,4.9675,4.9675,4.91,4.94,16028,0,2,2,0
20251022 15:02:00,4.945,4.945,4.9082,4.9241,6283,0,2,2,0
20251022 15:03:00,4.9241,4.9241,4.8905,4.894,4959,0,2,2,0
20251022 15:04:00,4.89275,4.9298,4.85,4.89495,24917,0,2,2,1
20251022 15:05:00,4.9,4.9,4.8656,4.870575,9886,0,2,2,0
20251022 15:06:00,4.8684,4.9,4.85,4.865,19287,0,2,2,0
20251022 15:07:00,4.855,4.86,4.83,4.845,26537,0,2,2,1
20251022 15:08:00,4.845,4.8999,4.83,4.864725,15275,0,2,2,1
20251022 15:09:00,4.8645,4.9,4.8645,4.895,11578,0,2,2,0
20251022 15:10:00,4.895,4.936,4.89,4.910525,11575,0,2,2,0
20251022 15:11:00,4.90805,4.9383,4.9001,4.925425,13113,0,2,2,0
20251022 15:12:00,4.93165,4.97,4.9135,4.9344,19394,0,2,2,2
20251022 15:13:00,4.92705,4.9498,4.91,4.92665,9054,0,2,2,0
20251022 15:14:00,4.9234,4.9234,4.905,4.909975,4756,0,2,2,0
20251022 15:15:00,4.90745,4.90745,4.885,4.8947,9098,0,2,2,0
20251022 15:16:00,4.8947,4.8947,4.8827,4.8848,7146,0,2,2,1
20251022 15:17:00,4.88385,4.93,4.88385,4.908075,23937,0,2,2,0
20251022 15:18:00,4.90865,4.98,4.90865,4.944975,64051,0,2,2,2
20251022 15:19:00,4.93745,4.9399,4.9201,4.93,11535,0,2,2,0
20251022 15:20:00,4.93,4.93,4.88,4.9044,12374,0,2,2,0
20251022 15:21:00,4.9044,4.9044,4.78,4.8175,58222,0,2,2,0
20251022 15:22:00,4.8175,4.8175,4.765,4.7922,24631,0,2,2,0
20251022 15:23:00,4.7975,4.8,4.7601,4.78415,19913,0,2,2,0
20251022 15:24:00,4.78825,4.78825,4.7045,4.753625,53727,0,2,2,1
20251022 15:25:00,4.765,4.765,4.74,4.749975,16811,0,2,2,0
20251022 15:26:00,4.74995,4.78,4.745,4.75835,14040,0,2,2,0
20251022 15:27:00,4.7542,4.755,4.7446,4.74895,9105,0,2,2,0
20251022 15:28:00,4.7481,4.7481,4.7,4.72625,62061,0,2,2,0
20251022 15:29:00,4.7325,4.735,4.7,4.71625,62703,0,2,2,0
20251022 15:30:00,4.715,4.715,4.66,4.6877,87431,0,2,2,0
20251022 15:31:00,4.68895,4.68895,4.66,4.6664,16909,0,2,2,0
20251022 15:32:00,4.6678,4.6799,4.56,4.619975,79342,0,2,2,1
20251022 15:33:00,4.62,4.6456,4.57,4.607975,28539,0,2,2,0
20251022 15:34:00,4.60815,4.65,4.6,4.62,19405,0,2,2,0
20251022 15:35:00,4.615,4.7,4.61,4.65575,33561,0,2,2,0
20251022 15:36:00,4.6565,4.73,4.6565,4.717225,14031,0,2,2,2
20251022 15:37:00,4.71945,4.72,4.6901,4.706,5158,0,2,2,0
20251022 15:38:00,4.70695,4.71,4.655,4.688175,105805,0,2,2,0
20251022 15:39:00,4.69385,4.7199,4.6801,4.69295,15364,0,2,2,0
20251022 15:40:00,4.6859,4.7,4.68,4.6882,17107,0,2,2,0
20251022 15:41:00,4.6864,4.6864,4.66,4.6719,12660,0,2,2,0
20251022 15:42:00,4.67315,4.69,4.6601,4.677375,13538,0,2,2,0
20251022 15:43:00,4.6797,4.69,4.665,4.67875,7825,0,2,2,0
20251022 15:44:00,4.68,4.68,4.67,4.67375,27776,0,2,2,0
20251022 15:45:00,4.6725,4.6725,4.6601,4.66785,4160,0,2,2,1
20251022 15:46:00,4.67,4.709,4.67,4.6925,10256,0,2,2,0
20251022 15:47:00,4.6915,4.75,4.6812,4.7131,91223,0,2,2,2
20251022 15:48:00,4.7106,4.73,4.6998,4.70995,10625,0,2,2,0
20251022 15:49:00,4.705,4.7099,4.68,4.69745,5704,0,2,2,0
20251022 15:50:00,4.69995,4.72,4.6802,4.70255,8521,0,2,2,0
20251022 15:51:00,4.705,4.75,4.705,4.74625,8678,0,2,2,2
20251022 15:52:00,4.7475,4.75,4.7201,4.736525,15522,0,2,2,2
20251022 15:53:00,4.738,4.738,4.7125,4.720625,4141,0,2,2,0
20251022 15:54:00,4.72,4.73,4.715,4.7225,5401,0,2,2,0
20251022 15:55:00,4.7225,4.765,4.7225,4.74125,10248,0,2,2,0
20251022 15:56:00,4.7375,4.77,4.7301,4.753775,12286,0,2,2,0
20251022 15:57:00,4.7575,4.7899,4.7575,4.772475,5743,0,2,2,2
20251022 15:58:00,4.77,4.77,4.7401,4.752525,6707,0,2,2,0
20251022 15:59:00,4.755,4.78,4.7512,4.7668,9040,0,2,2,0
20251022 16:00:00,4.768,4.8199,4.768,4.798575,11992,0,2,2,2
20251022 16:01:00,4.7947,4.8097,4.775,4.7909,7087,0,2,2,0
20251022 16:02:00,4.78945,4.78945,4.7612,4.77275,3305,0,2,2,0
20251022 16:03:00,4.77495,4.77495,4.7544,4.762175,2974,0,2,2,1
20251022 16:04:00,4.76215,4.77,4.7594,4.7647,14494,0,2,2,0
20251022 16:05:00,4.7647,4.7698,4.7601,4.764975,1401,0,2,2,0
20251022 16:06:00,4.765,4.91,4.745,4.8186,75098,0,2,2,1
20251022 16:07:00,4.8097,4.86,4.8097,4.836275,8133,0,2,2,0
20251022 16:08:00,4.8375,4.8375,4.8112,4.816525,2568,0,2,2,0
20251022 16:09:00,4.81745,4.85,4.815,4.82875,7069,0,2,2,0
20251022 16:10:00,4.825,4.8499,4.825,4.837975,5221,0,2,2,0
20251022 16:11:00,4.83675,4.83675,4.8,4.81,10228,0,2,2,1
20251022 16:12:00,4.8125,4.82,4.8,4.81375,14632,0,2,2,0
20251022 16:13:00,4.8175,4.8196,4.81,4.8148,1892,0,2,2,0
20251022 16:14:00,4.8148,4.8265,4.795,4.8119,25600,0,2,2,1
20251022 16:15:00,4.81305,4.82,4.805,4.815,6120,0,2,2,0
20251022 16:16:00,4.8175,4.8175,4.815,4.815,15641,0,2,2,0
20251022 16:17:00,4.815,4.82,4.78,4.804525,9462,0,2,2,0
20251022 16:18:00,4.80905,4.80905,4.67,4.75255,89762,0,2,2,1
20251022 16:19:00,4.77505,4.7799,4.755,4.764525,9901,0,2,2,0
20251022 16:20:00,4.7616,4.7616,4.6717,4.71085,16631,0,2,2,0
20251022 16:21:00,4.71085,4.71085,4.67,4.6821,22465,0,2,2,0
20251022 16:22:00,4.68415,4.69,4.66,4.679975,21971,0,2,2,1
20251022 16:23:00,4.68495,4.7,4.68,4.687525,3985,0,2,2,0
20251022 16:24:00,4.68505,4.7,4.68,4.692475,9932,0,2,2,0
20251022 16:25:00,4.69495,4.695,4.68,4.68845,18183,0,2,2,0
20251022 16:26:00,4.6894,4.6894,4.6454,4.66385,26019,0,2,2,0
20251022 16:27:00,4.665,4.665,4.64,4.649425,26497,0,2,2,0
20251022 16:28:00,4.64785,4.655,4.6202,4.63385,14233,0,2,2,1
20251022 16:29:00,4.6301,4.6699,4.63,4.648725,10848,0,2,2,0
20251022 16:30:00,4.6475,4.71,4.6475,4.67,9004,0,2,2,2
20251022 16:31:00,4.66,4.6799,4.6202,4.655,8714,0,2,2,0
20251022 16:32:00,4.65995,4.68,4.62,4.657525,21170,0,2,2,1
20251022 16:33:00,4.66505,4.7298,4.66505,4.69495,16019,0,2,2,2
20251022 16:34:00,4.69,4.715,4.69,4.706275,9595,0,2,2,0
20251022 16:35:00,4.70505,4.7199,4.705,4.709975,11550,0,2,2,0
20251022 16:36:00,4.7075,4.71,4.6801,4.701275,10237,0,2,2,0
20251022 16:37:00,4.7075,4.7075,4.68,4.693275,8026,0,2,2,1
20251022 16:38:00,4.69655,4.69655,4.695,4.6953,2693,0,2,2,0
20251022 16:39:00,4.6953,4.72,4.69,4.70125,4861,0,2,2,0
20251022 16:40:00,4.6975,4.72,4.6975,4.716525,1486,0,2,2,0
20251022 16:41:00,4.7175,4.7465,4.7175,4.73325,10750,0,2,2,2
20251022 16:42:00,4.73325,4.7456,4.7135,4.729925,19725,0,2,2,0
20251022 16:43:00,4.7303,4.7303,4.72,4.72,489,0,2,2,0
20251022 16:44:00,4.72,4.72,4.715,4.71595,1181,0,2,2,0
20251022 16:45:00,4.715,4.72,4.7125,4.716875,3969,0,2,2,0
20251022 16:46:00,4.7175,4.7175,4.7,4.70505,6944,0,2,2,0
20251022 16:47:00,4.70505,4.70505,4.7,4.7,1495,0,2,2,0
20251022 16:48:00,4.7,4.71,4.6901,4.6963,4417,0,2,2,0
20251022 16:49:00,4.69255,4.7001,4.69,4.6963,9565,0,2,2,0
20251022 16:50:00,4.69755,4.69755,4.68,4.6875,3237,0,2,2,0
20251022 16:51:00,4.6875,4.6875,4.64,4.67,7741,0,2,2,1
20251022 16:52:00,4.68,4.7,4.67,4.685,7206,0,2,2,0
20251022 16:53:00,4.685,4.6899,4.665,4.674974,8372,0,2,2,0
20251022 16:54:00,4.6725,4.68,4.6725,4.68,380,0,2,2,0
20251022 16:55:00,4.68,4.69,4.6703,4.67765,2005,0,2,2,0
20251022 16:56:00,4.67515,4.69,4.67515,4.6875,1840,0,2,2,0
20251022 16:57:00,4.6875,4.69,4.685,4.6875,1840,0,2,2,0
20251022 16:58:00,4.6875,4.6975,4.6875,4.695,8673,0,2,2,2
20251022 16:59:00,4.69625,4.69625,4.68,4.685425,11465,0,2,2,0
20251022 17:00:00,4.68585,4.69,4.66,4.6775,8587,0,2,2,1
20251022 17:01:00,4.68,4.6877,4.68,4.685125,4965,0,2,2,0
20251022 17:02:00,4.68635,4.68635,4.66,4.6699,13282,0,2,2,0
20251022 17:03:00,4.6699,4.67,4.6525,4.66125,2511,0,2,2,0
20251022 17:04:00,4.66125,4.665,4.6501,4.657825,4134,0,2,2,1
20251022 17:05:00,4.6581,4.68,4.6581,4.67,5828,0,2,2,0
20251022 17:06:00,4.67,4.76,4.67,4.71365,29073,0,2,2,2
20251022 17:07:00,4.7048,4.75,4.7048,4.73025,6661,0,2,2,0
20251022 17:08:00,4.72525,4.74,4.72525,4.73875,6974,0,2,2,0
20251022 17:09:00,4.74,4.74,4.7301,4.73505,884,0,2,2,0
20251022 17:10:00,4.73505,4.7381,4.735,4.73655,2526,0,2,2,0
20251022 17:11:00,4.73655,4.755,4.735,4.7425,12081,0,2,2,2
20251022 17:12:00,4.74,4.7488,4.725,4.7369,8922,0,2,2,0
20251022 17:13:00,4.7369,4.7369,4.73,4.731275,3957,0,2,2,0
20251022 17:14:00,4.73005,4.73005,4.7245,4.72725,778,0,2,2,0
20251022 17:15:00,4.72725,4.72725,4.7,4.7094,2414,0,2,2,0
20251022 17:16:00,4.7113,4.7113,4.69,4.6975,10392,0,2,2,1
20251022 17:17:00,4.7,4.72,4.7,4.71,8716,0,2,2,0
20251022 17:18:00,4.71,4.72,4.71,4.7138,1595,0,2,2,0
20251022 17:19:00,4.71255,4.7199,4.7,4.708875,1263,0,2,2,0
20251022 17:20:00,4.7078,4.7078,4.6983,4.6983,328,0,2,2,0
20251022 17:21:00,4.6983,4.6983,4.6801,4.6801,3091,0,2,2,0
20251022 17:22:00,4.6801,4.6801,4.63,4.65405,25738,0,2,2,0
20251022 17:23:00,4.6553,4.6553,4.63,4.6412,6256,0,2,2,0
20251022 17:24:00,4.64245,4.66,4.625,4.6475,43600,0,2,2,1
20251022 17:25:00,4.6525,4.665,4.65,4.65625,6780,0,2,2,0
20251022 17:26:00,4.655,4.655,4.645,4.649975,7692,0,2,2,0
20251022 17:27:00,4.64995,4.6579,4.64995,4.655825,1263,0,2,2,0
20251022 17:28:00,4.65645,4.66,4.6527,4.656925,738,0,2,2,0
20251022 17:29:00,4.6575,4.66,4.6501,4.65685,4893,0,2,2,2
20251022 17:30:00,4.65865,4.6599,4.641,4.650225,5038,0,2,2,0
20251022 17:31:00,4.65,4.65,4.63,4.642475,11918,0,2,2,1
20251022 17:32:00,4.645,4.645,4.63,4.6375,9563,0,2,2,1
20251022 17:33:00,4.6375,4.655,4.6301,4.64255,8664,0,2,2,0
20251022 17:34:00,4.64255,4.65,4.6401,4.64505,6832,0,2,2,0
20251022 17:35:00,4.64505,4.64505,4.6335,4.63895,3122,0,2,2,0
20251022 17:36:00,4.64055,4.64055,4.6324,4.6337,1166,0,2,2,0
20251022 17:37:00,4.6337,4.6399,4.6301,4.633775,1736,0,2,2,0
20251022 17:38:00,4.63255,4.6599,4.63,4.644976,31265,0,2,2,1
20251022 17:39:00,4.645,4.655,4.645,4.655,432,0,2,2,0
20251022 17:40:00,4.655,4.655,4.6501,4.65255,1308,0,2,2,0
20251022 17:41:00,4.65255,4.69,4.65255,4.6725,8311,0,2,2,2
20251022 17:42:00,4.6725,4.69,4.67,4.67875,18573,0,2,2,2
20251022 17:43:00,4.6775,4.6775,4.665,4.665,3315,0,2,2,0
20251022 17:44:00,4.665,4.675,4.6625,4.66875,3171,0,2,2,0
20251022 17:45:00,4.66875,4.675,4.6601,4.668775,5052,0,2,2,0
20251022 17:46:00,4.67,4.67,4.665,4.66875,3696,0,2,2,0
20251022 17:47:00,4.67,4.67,4.605,4.64625,55520,0,2,2,1
20251022 17:48:00,4.6575,4.6575,4.6283,4.642075,11895,0,2,2,0
20251022 17:49:00,4.6425,4.6425,4.6217,4.62585,1549,0,2,2,0
20251022 17:50:00,4.62585,4.63,4.58,4.61345,72564,0,2,2,1
20251022 17:51:00,4.6219,4.63,4.62,4.625,8660,0,2,2,0
20251022 17:52:00,4.625,4.638,4.625,4.632,1910,0,2,2,0
20251022 17:53:00,4.63,4.63,4.625,4.62875,2964,0,2,2,0
20251022 17:54:00,4.63,4.635,4.61,4.621425,25065,0,2,2,0
20251022 17:55:00,4.62035,4.62035,4.5601,4.588775,38619,0,2,2,0
20251022 17:56:00,4.5875,4.5875,4.5614,4.5694,5360,0,2,2,0
20251022 17:57:00,4.5703,4.58,4.55,4.563775,25647,0,2,2,0
20251022 17:58:00,4.56255,4.56255,4.5487,4.553425,38543,0,2,2,0
20251022 17:59:00,4.5525,4.5599,4.5445,4.5531,17073,0,2,2,0
20251022 18:00:00,4.554,4.554,4.5401,4.545425,15802,0,2,2,0
20251022 18:01:00,4.5458,4.5499,4.54,4.544975,3477,0,2,2,0
20251022 18:02:00,4.545,4.5499,4.5367,4.542875,21109,0,2,2,0
20251022 18:03:00,4.54245,4.54245,4.481,4.514,79761,0,2,2,0
20251022 18:04:00,4.5225,4.5225,4.46,4.4975,56000,0,2,2,1
20251022 18:05:00,4.5075,4.51,4.49,4.5025,43400,0,2,2,0
20251022 18:06:00,4.505,4.505,4.47,4.4875,26478,0,2,2,0
20251022 18:07:00,4.4925,4.5,4.49,4.495,18773,0,2,2,0
20251022 18:08:00,4.495,4.5295,4.49,4.509,43321,0,2,2,0
20251022 18:09:00,4.50825,4.5375,4.495,4.51565,70814,0,2,2,0
20251022 18:10:00,4.51505,4.56,4.51505,4.537,14783,0,2,2,2
20251022 18:11:00,4.5295,4.54,4.525,4.53245,5056,0,2,2,0
20251022 18:12:00,4.5324,4.55,4.5324,4.545,7925,0,2,2,0
20251022 18:13:00,4.545,4.551,4.54,4.54525,6519,0,2,2,0
20251022 18:14:00,4.545,4.551,4.54,4.54525,6519,0,2,2,2
20251022 18:15:00,4.545,4.545,4.535,4.53745,1588,0,2,2,0
20251022 18:16:00,4.53745,4.54,4.5312,4.53655,4887,0,2,2,0
20251022 18:17:00,4.5375,4.555,4.5375,4.550375,5127,0,2,2,2
20251022 18:18:00,4.5494,4.5494,4.5301,4.5388,4183,0,2,2,1
20251022 18:19:00,4.54125,4.5499,4.535,4.54245,3732,0,2,2,0
20251022 18:20:00,4.54245,4.5599,4.54245,4.553725,6722,0,2,2,0
20251022 18:21:00,4.5525,4.56,4.5525,4.55625,2115,0,2,2,2
20251022 18:22:00,4.555,4.56,4.555,4.55995,3536,0,2,2,2
20251022 18:23:00,4.55995,4.56,4.54,4.5525,35855,0,2,2,2
20251022 18:24:00,4.555,4.555,4.53,4.5475,12134,0,2,2,0
20251022 18:25:00,4.5525,4.5525,4.525,4.5375,6367,0,2,2,0
20251022 18:26:00,4.5375,4.5375,4.525,4.525225,2536,0,2,2,0
20251022 18:27:00,4.52515,4.52515,4.5,4.5172,46324,0,2,2,1
20251022 18:28:00,4.5222,4.5222,4.52,4.52065,2175,0,2,2,0
20251022 18:29:00,4.5204,4.54,4.5204,4.5325,2106,0,2,2,0
20251022 18:30:00,4.5325,4.545,4.52,4.535,5848,0,2,2,2
20251022 18:31:00,4.5375,4.5379,4.535,4.535725,2138,0,2,2,0
20251022 18:32:00,4.535,4.535,4.5,4.515575,42355,0,2,2,0
20251022 18:33:00,4.5175,4.5175,4.515,4.5153,2343,0,2,2,0
20251022 18:34:00,4.5153,4.5153,4.48,4.49875,62005,0,2,2,1
20251022 18:35:00,4.5,4.505,4.485,4.496225,39381,0,2,2,0
20251022 18:36:00,4.49745,4.5001,4.495,4.497525,6350,0,2,2,0
20251022 18:37:00,4.4975,4.5,4.4919,4.495275,11726,0,2,2,0
20251022 18:38:00,4.4946,4.495,4.48,4.48875,753,0,2,2,0
20251022 18:39:00,4.49,4.49,4.32,4.42,119460,0,2,2,1
20251022 18:40:00,4.44,4.44,4.35,4.377575,61059,0,2,2,0
20251022 18:41:00,4.37515,4.37515,4.325,4.348075,48050,0,2,2,0
20251022 18:42:00,4.35365,4.36,4.345,4.352,13811,0,2,2,0
20251022 18:43:00,4.3515,4.36,4.315,4.343975,33358,0,2,2,1
20251022 18:44:00,4.35045,4.3612,4.35045,4.360075,5113,0,2,2,0
20251022 18:45:00,4.36055,4.37,4.36,4.36425,4737,0,2,2,0
20251022 18:46:00,4.3635,4.4,4.3635,4.38125,18588,0,2,2,2
20251022 18:47:00,4.38,4.4,4.38,4.39245,11295,0,2,2,2
20251022 18:48:00,4.3924,4.3924,4.34,4.3647,13770,0,2,2,0
20251022 18:49:00,4.3644,4.37,4.345,4.355,8992,0,2,2,0
20251022 18:50:00,4.3525,4.359,4.3201,4.342025,26885,0,2,2,0
20251022 18:51:00,4.3445,4.3445,4.3101,4.32005,19640,0,2,2,1
20251022 18:52:00,4.32255,4.3265,4.32255,4.325375,6218,0,2,2,0
20251022 18:53:00,4.325,4.3501,4.3211,4.33655,16423,0,2,2,0
20251022 18:54:00,4.3375,4.36,4.3375,4.35625,2324,0,2,2,2
20251022 18:55:00,4.355,4.355,4.315,4.33625,13349,0,2,2,0
20251022 18:56:00,4.3375,4.3375,4.31,4.317975,4693,0,2,2,1
20251022 18:57:00,4.316,4.32,4.31,4.31485,5693,0,2,2,0
20251022 18:58:00,4.3147,4.32,4.3112,4.315925,15059,0,2,2,0
20251022 18:59:00,4.31625,4.32,4.2601,4.288775,103435,0,2,2,0
20251022 19:00:00,4.2875,4.2875,4.26,4.2687,23322,0,2,2,0
20251022 19:01:00,4.26745,4.28,4.255,4.26875,11259,0,2,2,0
20251022 19:02:00,4.27,4.27,4.21,4.2425,40101,0,2,2,1
20251022 19:03:00,4.245,4.255,4.225,4.23825,13219,0,2,2,0
20251022 19:04:00,4.2365,4.25,4.235,4.242475,19265,0,2,2,0
20251022 19:05:00,4.24245,4.25,4.23,4.24125,18346,0,2,2,0
20251022 19:06:00,4.2425,4.255,4.2425,4.24955,42940,0,2,2,0
20251022 19:07:00,4.24955,4.25,4.2456,4.247825,3074,0,2,2,0
20251022 19:08:00,4.24785,4.27,4.245,4.25625,11887,0,2,2,2
20251022 19:09:00,4.255,4.27,4.255,4.26125,16443,0,2,2,2
20251022 19:10:00,4.26,4.26,4.245,4.25115,8322,0,2,2,1
20251022 19:11:00,4.25115,4.265,4.245,4.256175,10202,0,2,2,1
20251022 19:12:00,4.25735,4.268,4.25735,4.2665,1453,0,2,2,0
20251022 19:13:00,4.2665,4.325,4.26,4.2925,18606,0,2,2,0
20251022 19:14:00,4.2925,4.34,4.2925,4.330625,10700,0,2,2,0
20251022 19:15:00,4.32815,4.37,4.32815,4.352,35949,0,2,2,0
20251022 19:16:00,4.35395,4.3688,4.35395,4.36565,16058,0,2,2,0
20251022 19:17:00,4.3669,4.385,4.36,4.37,20394,0,2,2,0
20251022 19:18:00,4.3675,4.3999,4.3675,4.38805,18564,0,2,2,0
20251022 19:19:00,4.38615,4.4,4.38615,4.3979,4029,0,2,2,0
20251022 19:20:00,4.3979,4.405,4.39,4.3995,11244,0,2,2,2
20251022 19:21:00,4.4015,4.4015,4.39,4.39325,5110,0,2,2,0
20251022 19:22:00,4.3925,4.395,4.39,4.3925,2196,0,2,2,0
20251022 19:23:00,4.3925,4.4,4.39,4.39405,6550,0,2,2,1
20251022 19:24:00,4.3931,4.3999,4.3931,4.39745,964,0,2,2,0
20251022 19:25:00,4.39745,4.3988,4.39,4.3947,9139,0,2,2,1
20251022 19:26:00,4.395,4.4,4.39,4.39625,4542,0,2,2,1
20251022 19:27:00,4.3975,4.4273,4.3912,4.408675,25385,0,2,2,0
20251022 19:28:00,4.4081,4.45,4.4081,4.439975,32624,0,2,2,0
20251022 19:29:00,4.44,4.47,4.44,4.4597,23008,0,2,2,2
20251022 19:30:00,4.4594,4.47,4.4594,4.464975,8059,0,2,2,0
20251022 19:31:00,4.465,4.465,4.4501,4.4538,975,0,2,2,0
20251022 19:32:00,4.45255,4.475,4.45255,4.46375,34287,0,2,2,0
20251022 19:33:00,4.4625,4.49,4.4625,4.48,8806,0,2,2,0
20251022 19:34:00,4.48,4.4999,4.48,4.491225,12589,0,2,2,0
20251022 19:35:00,4.49,4.5199,4.49,4.505725,19647,0,2,2,0
20251022 19:36:00,4.5065,4.5199,4.5001,4.51095,10866,0,2,2,0
20251022 19:37:00,4.5119,4.525,4.505,4.515,9365,0,2,2,0
20251022 19:38:00,4.515,4.565,4.515,4.541225,46319,0,2,2,0
20251022 19:39:00,4.54245,4.565,4.54245,4.5625,6748,0,2,2,0
20251022 19:40:00,4.5625,4.5699,4.56,4.5662,7345,0,2,2,2
20251022 19:41:00,4.56745,4.5699,4.5625,4.566325,5632,0,2,2,0
20251022 19:42:00,4.56645,4.56645,4.55,4.5575,37594,0,2,2,0
20251022 19:43:00,4.55995,4.62,4.5512,4.579025,60798,0,2,2,2
20251022 19:44:00,4.57245,4.5877,4.57,4.57955,6232,0,2,2,0
20251022 19:45:00,4.58025,4.58025,4.555,4.56745,13038,0,2,2,0
20251022 19:46:00,4.56745,4.56745,4.55,4.556075,27333,0,2,2,0
20251022 19:47:00,4.55715,4.55715,4.54,4.550525,28083,0,2,2,1
20251022 19:48:00,4.55355,4.555,4.55,4.5525,7380,0,2,2,0
20251022 19:49:00,4.5525,4.5599,4.55,4.55495,26542,0,2,2,0
20251022 19:50:00,4.55495,4.5566,4.508,4.5394,140296,0,2,2,0
20251022 19:51:00,4.5465,4.5465,4.44,4.4895,28746,0,2,2,0
20251022 19:52:00,4.489,4.489,4.43,4.44,25806,0,2,2,0
20251022 19:53:00,4.4375,4.4375,4.3918,4.414025,18604,0,2,2,0
20251022 19:54:00,4.41465,4.41465,4.37,4.385,19887,0,2,2,0
20251022 19:55:00,4.385,4.385,4.34,4.358375,60357,0,2,2,0
20251022 19:56:00,4.36175,4.36175,4.34,4.346275,46168,0,2,2,0
20251022 19:57:00,4.3475,4.35,4.315,4.3325,49499,0,2,2,0
20251022 19:58:00,4.3325,4.3325,4.31,4.3145,39157,0,2,2,1
20251022 19:59:00,4.315,4.39,4.31,4.350575,136369,0,2,2,1
20251022 20:00:00,4.35115,4.391,4.35115,4.3851,94853,0,2,2,2
20251022 20:01:00,4.38485,4.38485,4.37,4.3775,0,0,2,2,0
20251022 20:02:00,4.38,4.38,4.37,4.37005,0,0,2,2,0
20251022 20:03:00,4.37005,4.38,4.37,4.377475,0,0,2,2,0
20251022 20:04:00,4.37995,4.39,4.3701,4.382525,0,0,2,2,2
20251022 20:05:00,4.385,4.385,4.35,4.36005,0,0,2,2,0
20251022 20:06:00,4.36005,4.36005,4.32,4.335,0,0,2,2,0
20251022 20:07:00,4.335,4.335,4.28,4.302775,0,0,2,2,0
20251022 20:08:00,4.30055,4.30055,4.27,4.278125,0,0,2,2,1
20251022 20:09:00,4.27625,4.2912,4.27,4.280375,0,0,2,2,1
20251022 20:10:00,4.28015,4.39,4.28015,4.340075,0,0,2,2,2
20251022 20:11:00,4.34015,4.34015,4.29,4.29,0,0,2,2,0
20251022 20:12:00,4.29,4.29,4.29,4.29,0,0,2,2,0
20251022 20:13:00,4.29,4.29,4.29,4.29,0,0,2,2,0
20251022 20:15:00,4.29,4.38,4.29,4.34,0,0,2,2,1
20251022 20:16:00,4.34,4.38,4.34,4.37995,0,0,2,2,2
20251022 20:17:00,4.38,4.38,4.38,4.38,0,0,2,2,0
20251022 20:18:00,4.38,4.38,4.3794,4.3794,0,0,2,2,0
20251022 20:20:00,4.3794,4.39,4.31,4.3625,0,0,2,2,1
20251022 20:21:00,4.375,4.375,4.36,4.36,0,0,2,2,0
20251022 20:22:00,4.36,4.36,4.36,4.36,0,0,2,2,0
20251022 20:23:00,4.36,4.36,4.31,4.33,0,0,2,2,1
20251022 20:24:00,4.33,4.33,4.32,4.32,0,0,2,2,0
20251022 20:26:00,4.32,4.3299,4.31,4.32245,0,0,2,2,1
20251022 20:27:00,4.32495,4.33,4.32,4.325,0,0,2,2,0
20251022 20:28:00,4.325,4.33,4.325,4.33,0,0,2,2,0
20251022 20:29:00,4.33,4.33,4.32,4.32,0,0,2,2,0
20251022 20:30:00,4.32,4.3305,4.32,4.3305,0,0,2,2,1
20251022 20:31:00,4.3305,4.35,4.33,4.3402,0,0,2,2,2
20251022 20:32:00,4.3404,4.3404,4.33,4.3303,0,0,2,2,0
20251022 20:33:00,4.3303,4.35,4.33,4.34,0,0,2,2,2
20251022 20:34:00,4.34,4.35,4.34,4.35,0,0,2,2,2
20251022 20:35:00,4.35,4.35,4.33,4.33,0,0,2,2,2
20251022 20:36:00,4.33,4.35,4.31,4.339975,0,0,2,2,1
20251022 20:38:00,4.34995,4.35,4.33,4.34,0,0,2,2,2
20251022 20:39:00,4.34,4.34,4.3108,4.3108,0,0,2,2,0
20251022 20:40:00,4.3108,4.3108,4.31,4.31,0,0,2,2,0
20251022 20:41:00,4.31,4.35,4.31,4.33,0,0,2,2,2
20251022 20:43:00,4.33,4.3488,4.3,4.3244,0,0,2,2,1
20251022 20:44:00,4.3244,4.33,4.3244,4.33,0,0,2,2,0
20251022 20:45:00,4.33,4.35,4.3001,4.3372,0,0,2,2,2
20251022 20:46:00,4.34935,4.35,4.3014,4.3257,0,0,2,2,2
20251022 20:47:00,4.3257,4.3257,4.3,4.3,0,0,2,2,1
20251022 20:48:00,4.3,4.3,4.3,4.3,0,0,2,2,1
20251022 20:49:00,4.3,4.3116,4.3,4.3116,0,0,2,2,1
20251022 20:51:00,4.3116,4.32,4.3116,4.32,0,0,2,2,0
20251022 20:54:00,4.32,4.32,4.31,4.31,0,0,2,2,2
20251022 20:55:00,4.31,4.31,4.31,4.31,0,0,2,2,0
20251022 20:56:00,4.31,4.31,4.31,4.31,0,0,2,2,1
20251022 20:57:00,4.31,4.3492,4.31,4.3306,0,0,2,2,1
20251022 21:00:00,4.3306,4.3306,4.31,4.31025,0,0,2,2,1
20251022 21:01:00,4.31025,4.3138,4.31,4.3119,0,0,2,2,0
20251022 21:02:00,4.3119,4.3119,4.3105,4.31065,0,0,2,2,0
20251022 21:03:00,4.31065,4.31065,4.3,4.305,0,0,2,2,1
20251022 21:04:00,4.305,4.305,4.3,4.30005,0,0,2,2,1
20251022 21:05:00,4.30005,4.3196,4.30005,4.3196,0,0,2,2,2
20251022 21:06:00,4.3196,4.3196,4.3,4.305,0,0,2,2,1
20251022 21:08:00,4.305,4.31,4.305,4.31,0,0,2,2,0
20251022 21:09:00,4.31,4.3293,4.31,4.31965,0,0,2,2,2
20251022 21:10:00,4.31965,4.31965,4.31,4.31,0,0,2,2,0
20251022 21:11:00,4.31,4.3198,4.31,4.3198,0,0,2,2,0
20251022 21:12:00,4.3198,4.32,4.3,4.31,0,0,2,2,1
20251022 21:14:00,4.31,4.31,4.31,4.31,0,0,2,2,0
20251022 21:15:00,4.31,4.31,4.31,4.31,0,0,2,2,0
20251022 21:16:00,4.31,4.3197,4.31,4.31485,0,0,2,2,0
20251022 21:17:00,4.31485,4.31485,4.31,4.31,0,0,2,2,1
20251022 21:19:00,4.31,4.31,4.31,4.31,0,0,2,2,1
20251022 21:21:00,4.31,4.3197,4.31,4.314875,0,0,2,2,1
20251022 21:22:00,4.3149,4.3149,4.31,4.31,0,0,2,2,1
20251022 21:23:00,4.31,4.3103,4.31,4.310075,0,0,2,2,1
20251022 21:24:00,4.31,4.32,4.31,4.32,0,0,2,2,1
20251022 21:27:00,4.32,4.34,4.32,4.34,0,0,2,2,0
20251022 21:29:00,4.34,4.3778,4.34,4.3639,0,0,2,2,2
20251022 21:32:00,4.3639,4.3639,4.34,4.345,0,0,2,2,0
20251022 21:34:00,4.345,4.36,4.345,4.36,0,0,2,2,0
20251022 21:35:00,4.36,4.36,4.35,4.35,0,0,2,2,0
20251022 21:36:00,4.35,4.35,4.3,4.3,0,0,2,2,1
20251022 21:37:00,4.3,4.34,4.3,4.34,0,0,2,2,1
20251022 21:40:00,4.34,4.3594,4.3017,4.342625,0,0,2,2,0
20251022 21:41:00,4.3547,4.3547,4.3,4.30505,0,0,2,2,1
20251022 21:42:00,4.30505,4.36,4.30505,4.35995,0,0,2,2,2
20251022 21:43:00,4.35995,4.35995,4.31,4.32,0,0,2,2,0
20251022 21:45:00,4.32,4.32,4.31,4.315,0,0,2,2,0
20251022 21:46:00,4.315,4.315,4.3103,4.3103,0,0,2,2,0
20251022 21:48:00,4.3103,4.36,4.3103,4.36,0,0,2,2,2
20251022 21:49:00,4.36,4.36,4.35,4.35,0,0,2,2,2
20251022 21:54:00,4.35,4.35,4.34,4.34,0,0,2,2,0
20251022 21:57:00,4.34,4.34,4.31,4.3104,0,0,2,2,1
20251022 21:59:00,4.3104,4.3104,4.31,4.31,0,0,2,2,1
20251022 22:00:00,4.31,4.3203,4.31,4.32015,0,0,2,2,1
20251022 22:01:00,4.32015,4.35,4.32,4.3275,0,0,2,2,2
20251022 22:03:00,4.32,4.3207,4.31,4.31535,0,0,2,2,1
20251022 22:04:00,4.31535,4.3197,4.31535,4.3197,0,0,2,2,0
20251022 22:05:00,4.3197,4.3197,4.31,4.31,0,0,2,2,0
20251022 22:06:00,4.31,4.31,4.31,4.31,0,0,2,2,0
20251022 22:10:00,4.31,4.32,4.3,4.31,0,0,2,2,1
20251022 22:11:00,4.31,4.3192,4.31,4.3192,0,0,2,2,0
20251022 22:16:00,4.3192,4.3192,4.31,4.3101,0,0,2,2,0
20251022 22:17:00,4.3101,4.3199,4.3101,4.3199,0,0,2,2,0
20251022 22:18:00,4.3199,4.3199,4.3,4.305,0,0,2,2,2
20251022 22:19:00,4.305,4.305,4.28,4.29015,0,0,2,2,1
20251022 22:20:00,4.29015,4.3184,4.29015,4.3184,0,0,2,2,0
20251022 22:21:00,4.3184,4.3184,4.31,4.31,0,0,2,2,0
20251022 22:22:00,4.31,4.32,4.31,4.32,0,0,2,2,2
20251022 22:23:00,4.32,4.32,4.31,4.31455,0,0,2,2,2
20251022 22:24:00,4.31455,4.31455,4.31,4.31,0,0,2,2,0
20251022 22:26:00,4.31,4.3199,4.28,4.29995,0,0,2,2,1
20251022 22:29:00,4.29995,4.37,4.29995,4.37,0,0,2,2,2
20251022 22:30:00,4.37,4.37,4.32,4.32,0,0,2,2,2
20251022 22:31:00,4.32,4.3211,4.32,4.32055,0,0,2,2,0
20251022 22:33:00,4.32055,4.37,4.32055,4.355,0,0,2,2,2
20251022 22:34:00,4.35,4.37,4.35,4.36,0,0,2,2,2
20251022 22:35:00,4.36,4.37,4.36,4.365,0,0,2,2,2
20251022 22:36:00,4.365,4.37,4.35,4.36,0,0,2,2,2
20251022 22:37:00,4.36,4.37,4.36,4.37,0,0,2,2,2
20251022 22:38:00,4.37,4.37,4.36,4.365,0,0,2,2,2
20251022 22:39:00,4.365,4.365,4.36,4.36,0,0,2,2,0
20251022 22:44:00,4.36,4.36,4.36,4.36,0,0,2,2,1
20251022 22:47:00,4.36,4.36,4.36,4.36,0,0,2,2,1
20251022 22:49:00,4.36,4.3602,4.36,4.3601,0,0,2,2,1
20251022 22:50:00,4.3601,4.3607,4.3601,4.3607,0,0,2,2,2
20251022 22:52:00,4.3607,4.3607,4.36,4.36,0,0,2,2,2
20251022 22:53:00,4.36,4.36,4.35,4.35,0,0,2,2,0
20251022 22:54:00,4.35,4.35,4.3,4.325,0,0,2,2,1
20251022 22:58:00,4.325,4.325,4.3,4.3,0,0,2,2,1
20251022 22:59:00,4.3,4.35,4.3,4.335,0,0,2,2,1
20251022 23:00:00,4.335,4.35,4.335,4.35,0,0,2,2,2
20251022 23:01:00,4.35,4.35,4.3,4.3,0,0,2,2,1
20251022 23:02:00,4.3,4.35,4.3,4.35,0,0,2,2,1
20251022 23:05:00,4.35,4.35,4.3483,4.3491,0,0,2,2,2
20251022 23:06:00,4.3491,4.3491,4.3102,4.3102,0,0,2,2,0
20251022 23:09:00,4.3102,4.3102,4.31,4.31,0,0,2,2,0
20251022 23:10:00,4.31,4.33,4.31,4.33,0,0,2,2,1
20251022 23:12:00,4.33,4.3488,4.33,4.3488,0,0,2,2,0
20251022 23:14:00,4.3488,4.3488,4.31,4.31,0,0,2,2,1
20251022 23:15:00,4.31,4.32,4.31,4.32,0,0,2,2,1
20251022 23:17:00,4.32,4.34,4.32,4.335,0,0,2,2,0
20251022 23:20:00,4.335,4.335,4.32,4.3203,0,0,2,2,0
20251022 23:22:00,4.3203,4.3395,4.3203,4.3395,0,0,2,2,0
20251022 23:23:00,4.3395,4.3395,4.3298,4.3298,0,0,2,2,0
20251022 23:27:00,4.3298,4.3782,4.3298,4.3782,0,0,2,2,0
20251022 23:28:00,4.3782,4.38,4.3782,4.38,0,0,2,2,2
20251022 23:29:00,4.38,4.38,4.36,4.37,0,0,2,2,0
20251022 23:30:00,4.37,4.38,4.37,4.37935,0,0,2,2,0
20251022 23:31:00,4.37935,4.42,4.37935,4.4,0,0,2,2,2
20251022 23:33:00,4.4,4.4,4.34,4.34,0,0,2,2,1
20251022 23:34:00,4.34,4.42,4.34,4.42,0,0,2,2,1
20251022 23:35:00,4.42,4.42,4.34,4.3796,0,0,2,2,1
20251022 23:37:00,4.3792,4.42,4.3792,4.41905,0,0,2,2,2
20251022 23:38:00,4.41905,4.4196,4.36,4.3898,0,0,2,2,0
20251022 23:40:00,4.3898,4.4199,4.3898,4.4199,0,0,2,2,0
20251022 23:41:00,4.4199,4.42,4.4199,4.42,0,0,2,2,2
20251022 23:42:00,4.42,4.42,4.35,4.375,0,0,2,2,1
20251022 23:45:00,4.375,4.39,4.375,4.38995,0,0,2,2,0
20251022 23:47:00,4.38995,4.39,4.38995,4.39,0,0,2,2,0
20251022 23:48:00,4.39,4.42,4.39,4.41995,0,0,2,2,2
20251022 23:52:00,4.41995,4.42,4.4,4.409975,0,0,2,2,0
20251022 23:55:00,4.40995,4.40995,4.3509,4.3509,0,0,2,2,1
20251022 23:56:00,4.3509,4.45,4.3509,4.44725,0,0,2,2,0
20251022 23:58:00,4.44725,4.44725,4.4,4.4,0,0,2,2,0
20251022 23:59:00,4.4,4.4,4.38,4.3847,0,0,2,2,0
