20251022 08:00:00,10.77,10.83,10.5,10.7175,0,0,2,2,0
20251022 08:01:00,10.77,11.73,10.67,10.9675,0,0,2,2,0
20251022 08:02:00,10.735,10.735,10.51,10.5625,0,0,2,2,0
20251022 08:03:00,10.565,10.6,10.565,10.6,0,0,2,2,0
20251022 08:04:00,10.6,10.61,10.6,10.605,0,0,2,2,0
20251022 08:05:00,10.605,10.605,10.59,10.595,0,0,2,2,0
20251022 08:06:00,10.595,10.62,10.595,10.61,0,0,2,2,0
20251022 08:07:00,10.61,10.7,10.6,10.65,0,0,2,2,0
20251022 08:08:00,10.65,11,10.65,10.88,0,0,2,2,0
20251022 08:09:00,10.88,11.4,10.88,11.225,0,0,2,2,0
20251022 08:10:00,11.225,11.59,11.225,11.3875,0,0,2,2,2
20251022 08:11:00,11.35,11.43,11.27,11.3875,0,0,2,2,0
20251022 08:12:00,11.425,11.57,11.425,11.49,0,0,2,2,0
20251022 08:13:00,11.475,11.58,11.35,11.4525,0,0,2,2,0
20251022 08:14:00,11.44,11.49,11.37,11.4225,0,0,2,2,0
20251022 08:15:00,11.415,11.53,11.415,11.4775,0,0,2,2,0
20251022 08:16:00,11.46,11.46,11.18,11.3075,0,0,2,2,1
20251022 08:17:00,11.315,11.315,11.22,11.27,0,0,2,2,0
20251022 08:18:00,11.275,11.4,11.275,11.4,0,0,2,2,0
20251022 08:19:00,11.4,11.4,11.35,11.35,0,0,2,2,0
20251022 08:20:00,11.35,11.37,11.35,11.365,0,0,2,2,0
20251022 08:21:00,11.365,11.41,11.365,11.4,0,0,2,2,0
20251022 08:22:00,11.4,11.43,11.4,11.425,0,0,2,2,0
20251022 08:23:00,11.425,11.45,11.425,11.45,0,0,2,2,2
20251022 08:24:00,11.45,11.45,11.41,11.435,0,0,2,2,2
20251022 08:25:00,11.44,11.44,11.33,11.3875,0,0,2,2,0
20251022 08:26:00,11.405,11.405,11.3,11.31,0,0,2,2,0
20251022 08:27:00,11.31,11.31,11.26,11.26,0,0,2,2,0
20251022 08:28:00,11.26,11.26,11.1,11.145,0,0,2,2,0
20251022 08:29:00,11.145,11.15,11.02,11.085,0,0,2,2,1
20251022 08:30:00,11.085,11.2,11.085,11.1675,0,0,2,2,0
20251022 08:31:00,11.16,11.16,11.16,11.16,0,0,2,2,0
20251022 08:32:00,11.16,11.17,11.16,11.165,0,0,2,2,0
20251022 08:34:00,11.165,11.44,11.165,11.35,0,0,2,2,0
20251022 08:35:00,11.34,11.51,11.34,11.475,0,0,2,2,2
20251022 08:36:00,11.475,11.49,11.475,11.485,0,0,2,2,0
20251022 08:37:00,11.485,11.485,11.45,11.45,0,0,2,2,0
20251022 08:39:00,11.45,11.45,11.45,11.45,0,0,2,2,0
20251022 08:40:00,11.45,11.45,11.45,11.45,0,0,2,2,0
20251022 08:41:00,11.45,11.45,11.44,11.445,0,0,2,2,1
20251022 08:42:00,11.445,11.46,11.44,11.45,0,0,2,2,1
20251022 08:43:00,11.45,11.46,11.45,11.46,0,0,2,2,2
20251022 08:44:00,11.46,11.46,11.45,11.45,0,0,2,2,2
20251022 08:45:00,11.45,11.45,11.44,11.44,0,0,2,2,0
20251022 08:47:00,11.44,11.44,11.4,11.42,0,0,2,2,0
20251022 08:49:00,11.42,11.42,11.32,11.32,0,0,2,2,1
20251022 08:50:00,11.32,11.34,11.32,11.335,0,0,2,2,0
20251022 08:51:00,11.335,11.335,11.33,11.33,0,0,2,2,0
20251022 08:53:00,11.33,11.34,11.3,11.3275,0,0,2,2,0
20251022 08:54:00,11.335,11.36,11.335,11.36,0,0,2,2,2
20251022 08:56:00,11.36,11.36,11.23,11.25,0,0,2,2,2
20251022 08:57:00,11.25,11.25,11.06,11.105,0,0,2,2,1
20251022 08:59:00,11.105,11.17,11.105,11.17,0,0,2,2,0
20251022 09:00:00,11.17,11.2,11.16,11.1825,0,0,2,2,0
20251022 09:02:00,11.185,11.185,11.13,11.13,0,0,2,2,0
20251022 09:03:00,11.13,11.13,11.11,11.12,0,0,2,2,0
20251022 09:04:00,11.12,11.12,11,11.015,0,0,2,2,0
20251022 09:06:00,11.015,11.015,10.87,10.9025,0,0,2,2,0
20251022 09:07:00,10.895,10.895,10.73,10.7825,0,0,2,2,1
20251022 09:08:00,10.8,10.98,10.8,10.975,0,0,2,2,0
20251022 09:09:00,10.975,11,10.92,10.96,0,0,2,2,0
20251022 09:10:00,10.96,11.07,10.96,11.015,0,0,2,2,0
20251022 09:11:00,11.015,11.08,11.01,11.0425,0,0,2,2,2
20251022 09:12:00,11.04,11.04,10.92,10.92,0,0,2,2,1
20251022 09:13:00,10.92,10.96,10.92,10.96,0,0,2,2,1
20251022 09:14:00,10.96,10.98,10.96,10.98,0,0,2,2,0
20251022 09:15:00,10.98,10.98,10.96,10.96,0,0,2,2,0
20251022 09:16:00,10.96,10.96,10.95,10.95,0,0,2,2,0
20251022 09:17:00,10.95,10.95,10.73,10.73,0,0,2,2,0
20251022 09:18:00,10.73,10.73,10.73,10.73,0,0,2,2,0
20251022 09:19:00,10.73,10.73,10.57,10.625,0,0,2,2,0
20251022 09:20:00,10.63,10.64,10.58,10.61,0,0,2,2,0
20251022 09:21:00,10.61,10.61,10.55,10.5725,0,0,2,2,0
20251022 09:22:00,10.58,10.58,10.5,10.525,0,0,2,2,0
20251022 09:23:00,10.525,10.525,10.35,10.425,0,0,2,2,0
20251022 09:24:00,10.425,10.425,10.12,10.195,0,0,2,2,1
20251022 09:25:00,10.195,10.36,10.195,10.28,0,0,2,2,0
20251022 09:26:00,10.28,10.33,10.2,10.265,0,0,2,2,0
20251022 09:27:00,10.265,10.265,10.11,10.125,0,0,2,2,1
20251022 09:28:00,10.125,10.125,10.12,10.12,0,0,2,2,0
20251022 09:29:00,10.12,10.22,10.12,10.21,0,0,2,2,0
20251022 09:30:00,10.21,10.42,10.21,10.36,0,0,2,2,2
20251022 09:31:00,10.36,10.42,10.32,10.37,0,0,2,2,2
20251022 09:32:00,10.37,10.37,10.31,10.31,0,0,2,2,0
20251022 09:33:00,10.31,10.31,10.26,10.28,0,0,2,2,0
20251022 09:34:00,10.28,10.28,10.24,10.25,0,0,2,2,0
20251022 09:35:00,10.25,10.26,10.25,10.255,0,0,2,2,0
20251022 09:37:00,10.255,10.33,10.12,10.225,0,0,2,2,2
20251022 09:38:00,10.225,10.225,10.07,10.1275,0,0,2,2,0
20251022 09:39:00,10.135,10.14,10.06,10.105,0,0,2,2,1
20251022 09:40:00,10.11,10.16,10.09,10.125,0,0,2,2,0
20251022 09:43:00,10.125,10.2,10.125,10.2,0,0,2,2,0
20251022 09:44:00,10.2,10.2,10.16,10.16,0,0,2,2,2
20251022 09:47:00,10.16,10.17,10.14,10.155,0,0,2,2,0
20251022 09:48:00,10.155,10.18,10.14,10.16,0,0,2,2,0
20251022 09:49:00,10.16,10.19,10.14,10.17,0,0,2,2,0
20251022 09:50:00,10.175,10.18,10.13,10.155,0,0,2,2,1
20251022 09:54:00,10.155,10.155,10.13,10.13,0,0,2,2,1
20251022 09:58:00,10.13,10.15,10.13,10.15,0,0,2,2,1
20251022 10:01:00,10.15,10.2,10.15,10.2,0,0,2,2,0
20251022 10:02:00,10.2,10.27,10.2,10.27,0,0,2,2,0
20251022 10:03:00,10.27,10.33,10.27,10.33,0,0,2,2,2
20251022 10:07:00,10.33,10.33,10.26,10.26,0,0,2,2,2
20251022 10:08:00,10.26,10.26,10.22,10.22,0,0,2,2,0
20251022 10:09:00,10.22,10.27,10.22,10.27,0,0,2,2,1
20251022 10:10:00,10.27,10.29,10.27,10.28,0,0,2,2,0
20251022 10:11:00,10.28,10.45,10.28,10.385,0,0,2,2,2
20251022 10:14:00,10.385,10.4,10.385,10.4,0,0,2,2,0
20251022 10:15:00,10.4,10.4,10.4,10.4,0,0,2,2,0
20251022 10:18:00,10.4,10.5,10.4,10.5,0,0,2,2,0
20251022 10:20:00,10.5,10.52,10.5,10.52,0,0,2,2,2
20251022 10:21:00,10.52,10.52,10.5,10.5,0,0,2,2,2
20251022 10:22:00,10.5,10.5,10.46,10.48,0,0,2,2,0
20251022 10:23:00,10.48,10.48,10.35,10.375,0,0,2,2,1
20251022 10:24:00,10.375,10.49,10.375,10.47,0,0,2,2,0
20251022 10:25:00,10.47,10.49,10.47,10.49,0,0,2,2,0
20251022 10:27:00,10.49,10.49,10.45,10.45,0,0,2,2,2
20251022 10:31:00,10.45,10.45,10.3,10.3,0,0,2,2,0
20251022 10:33:00,10.3,10.3,10.2,10.25,0,0,2,2,0
20251022 10:34:00,10.25,10.25,10.16,10.175,0,0,2,2,1
20251022 10:38:00,10.175,10.28,10.175,10.28,0,0,2,2,0
20251022 10:40:00,10.28,10.3,10.28,10.3,0,0,2,2,0
20251022 10:44:00,10.3,10.36,10.3,10.33,0,0,2,2,0
20251022 10:48:00,10.33,10.4,10.33,10.4,0,0,2,2,2
20251022 10:49:00,10.4,10.4,10.28,10.28,0,0,2,2,2
20251022 10:52:00,10.28,10.28,10.27,10.27,0,0,2,2,0
20251022 10:54:00,10.27,10.27,10.16,10.16,0,0,2,2,0
20251022 10:55:00,10.16,10.22,10.15,10.185,0,0,2,2,1
20251022 11:00:00,10.185,10.43,10.185,10.3475,0,0,2,2,2
20251022 11:01:00,10.355,10.36,10.31,10.335,0,0,2,2,0
20251022 11:02:00,10.335,10.335,10.3,10.305,0,0,2,2,0
20251022 11:03:00,10.305,10.305,10.15,10.15,0,0,2,2,1
20251022 11:07:00,10.15,10.51,10.15,10.48,0,0,2,2,1
20251022 11:08:00,10.48,10.5,10.48,10.5,0,0,2,2,0
20251022 11:13:00,10.5,10.5,10.29,10.29,0,0,2,2,0
20251022 11:14:00,10.29,10.3,10.25,10.275,0,0,2,2,0
20251022 11:15:00,10.275,10.28,10.22,10.25,0,0,2,2,1
20251022 11:16:00,10.25,10.28,10.25,10.28,0,0,2,2,0
20251022 11:18:00,10.28,10.29,10.28,10.29,0,0,2,2,0
20251022 11:19:00,10.29,10.29,10.28,10.285,0,0,2,2,0
20251022 11:22:00,10.285,10.31,10.285,10.31,0,0,2,2,0
20251022 11:24:00,10.31,10.49,10.31,10.49,0,0,2,2,0
20251022 11:25:00,10.49,10.49,10.49,10.49,0,0,2,2,0
20251022 11:26:00,10.49,10.52,10.47,10.495,0,0,2,2,0
20251022 11:27:00,10.495,10.66,10.47,10.565,0,0,2,2,2
20251022 11:30:00,10.565,10.565,10.39,10.39,0,0,2,2,0
20251022 11:31:00,10.39,10.39,10.36,10.365,0,0,2,2,1
20251022 11:37:00,10.365,10.41,10.365,10.41,0,0,2,2,0
20251022 11:39:00,10.41,10.48,10.41,10.48,0,0,2,2,0
20251022 11:40:00,10.48,10.48,10.43,10.43,0,0,2,2,2
20251022 11:42:00,10.43,10.44,10.43,10.44,0,0,2,2,0
20251022 11:43:00,10.44,10.44,10.43,10.435,0,0,2,2,0
20251022 11:49:00,10.435,10.435,10.28,10.29,0,0,2,2,0
20251022 11:50:00,10.29,10.29,10.28,10.28,0,0,2,2,0
20251022 11:51:00,10.28,10.28,10.16,10.175,0,0,2,2,1
20251022 11:53:00,10.175,10.29,10.175,10.29,0,0,2,2,0
20251022 11:56:00,10.29,10.29,10.22,10.23,0,0,2,2,2
20251022 11:57:00,10.23,10.23,10.22,10.22,0,0,2,2,0
20251022 11:58:00,10.22,10.22,10.18,10.205,0,0,2,2,0
20251022 11:59:00,10.21,10.23,10.19,10.21,0,0,2,2,0
20251022 12:00:00,10.21,11.59,10.0636,10.5459,0,0,2,2,1
20251022 12:03:00,10.265,10.3,10.265,10.2793,0,0,2,2,0
20251022 12:04:00,10.2736,10.48,10.17,10.3125,0,0,2,2,0
20251022 12:05:00,10.3,10.3,10.14,10.2225,0,0,2,2,0
20251022 12:06:00,10.225,10.225,10.14,10.14595,0,0,2,2,0
20251022 12:07:00,10.14685,10.15,10.0503,10.10755,0,0,2,2,0
20251022 12:08:00,10.11495,10.11495,10,10.0425,0,0,2,2,0
20251022 12:09:00,10.04,10.0991,9.9,9.987275,0,0,2,2,1
20251022 12:10:00,9.975,10.09,9.97,10.0325,0,0,2,2,0
20251022 12:11:00,10.035,10.21,10.035,10.1329,0,0,2,2,2
20251022 12:12:00,10.1208,10.1975,10.1208,10.174,0,0,2,2,0
20251022 12:13:00,10.17425,10.1997,10.1,10.14085,0,0,2,2,0
20251022 12:14:00,10.13185,10.13185,10.09,10.10243,0,0,2,2,0
20251022 12:15:00,10.10485,10.10485,10.01,10.05,0,0,2,2,0
20251022 12:16:00,10.05,10.05,10,10.02977,0,0,2,2,1
20251022 12:17:00,10.03455,10.03455,10.0001,10.00755,0,0,2,2,0
20251022 12:18:00,10.00505,10.0598,10,10.02025,0,0,2,2,1
20251022 12:19:00,10.0106,10.1177,10.0106,10.04943,0,0,2,2,0
20251022 12:20:00,10.03,10.15,10.03,10.075,0,0,2,2,0
20251022 12:21:00,10.06,10.17,10.05,10.12005,0,0,2,2,0
20251022 12:22:00,10.1301,10.3,10.12,10.21755,0,0,2,2,0
20251022 12:23:00,10.2251,10.3497,10.2251,10.30743,0,0,2,2,0
20251022 12:24:00,10.295,10.39,10.26,10.305,0,0,2,2,2
20251022 12:25:00,10.285,10.3798,10.285,10.34455,0,0,2,2,0
20251022 12:26:00,10.3543,10.3543,10.26,10.3075,0,0,2,2,0
20251022 12:27:00,10.31,10.39,10.3,10.3575,0,0,2,2,2
20251022 12:28:00,10.37,10.39,10.3016,10.3529,0,0,2,2,0
20251022 12:29:00,10.36,10.39,10.3436,10.36748,0,0,2,2,0
20251022 12:30:00,10.36815,10.6702,10.36815,10.49757,0,0,2,2,2
20251022 12:31:00,10.47505,10.66,10.47505,10.6,0,0,2,2,0
20251022 12:32:00,10.595,10.62,10.55,10.595,0,0,2,2,0
20251022 12:33:00,10.605,10.605,10.41,10.52695,0,0,2,2,0
20251022 12:34:00,10.5589,10.57,10.5,10.54215,0,0,2,2,0
20251022 12:35:00,10.5493,10.62,10.4973,10.57432,0,0,2,2,0
20251022 12:36:00,10.59,10.63,10.55,10.6075,0,0,2,2,2
20251022 12:37:00,10.625,10.625,10.5052,10.58127,0,0,2,2,0
20251022 12:38:00,10.59995,10.59995,10.5001,10.54065,0,0,2,2,0
20251022 12:39:00,10.53815,10.57,10.5038,10.5372,0,0,2,2,0
20251022 12:40:00,10.5375,10.57,10.52,10.545,0,0,2,2,0
20251022 12:41:00,10.545,10.6004,10.51,10.5576,0,0,2,2,0
20251022 12:42:00,10.56,10.7,10.55,10.6225,0,0,2,2,0
20251022 12:43:00,10.62,10.7662,10.62,10.72155,0,0,2,2,0
20251022 12:44:00,10.715,10.73,10.59,10.68475,0,0,2,2,0
20251022 12:45:00,10.7095,10.77,10.6,10.68258,0,0,2,2,0
20251022 12:46:00,10.68015,10.88,10.68015,10.77995,0,0,2,2,2
20251022 12:47:00,10.77795,10.82,10.7539,10.79347,0,0,2,2,0
20251022 12:48:00,10.8,10.81,10.6301,10.73752,0,0,2,2,0
20251022 12:49:00,10.755,10.755,10.61,10.64713,0,0,2,2,0
20251022 12:50:00,10.63925,10.7,10.6109,10.648,0,0,2,2,0
20251022 12:51:00,10.64055,10.7,10.5038,10.59037,0,0,2,2,0
20251022 12:52:00,10.57885,10.5999,10.5,10.52872,0,0,2,2,1
20251022 12:53:00,10.5075,10.6044,10.5075,10.56845,0,0,2,2,0
20251022 12:54:00,10.5747,10.69,10.5747,10.6377,0,0,2,2,0
20251022 12:55:00,10.6355,10.7,10.6355,10.67,0,0,2,2,2
20251022 12:56:00,10.665,10.7,10.5501,10.64252,0,0,2,2,2
20251022 12:57:00,10.66,10.7,10.6239,10.67598,0,0,2,2,2
20251022 12:58:00,10.69,10.6961,10.6,10.65492,0,0,2,2,0
20251022 12:59:00,10.6618,10.6798,10.6201,10.65747,0,0,2,2,0
20251022 13:00:00,10.665,10.7,10.62,10.6525,0,0,2,2,2
20251022 13:01:00,10.645,10.645,10.6,10.6175,0,0,2,2,0
20251022 13:02:00,10.615,10.6399,10.6,10.61995,0,0,2,2,0
20251022 13:03:00,10.61995,10.63,10.57,10.59295,0,0,2,2,1
20251022 13:04:00,10.5859,10.5859,10.57,10.5718,0,0,2,2,0
20251022 13:05:00,10.5718,10.5995,10.57,10.5775,0,0,2,2,0
20251022 13:06:00,10.57025,10.57025,10.31,10.4025,0,0,2,2,1
20251022 13:07:00,10.415,10.415,10.31,10.355,0,0,2,2,1
20251022 13:08:00,10.355,10.46,10.355,10.42257,0,0,2,2,0
20251022 13:09:00,10.42015,10.6,10.42015,10.54705,0,0,2,2,2
20251022 13:10:00,10.5441,10.55,10.5,10.5175,0,0,2,2,0
20251022 13:11:00,10.51,10.5462,10.25,10.41743,0,0,2,2,0
20251022 13:12:00,10.43675,10.43675,10.34,10.3725,0,0,2,2,0
20251022 13:13:00,10.37,10.37,10.2444,10.2936,0,0,2,2,0
20251022 13:14:00,10.29,10.3499,10.2213,10.2928,0,0,2,2,1
20251022 13:15:00,10.3,10.35,10.3,10.325,0,0,2,2,0
20251022 13:16:00,10.325,10.4997,10.325,10.37992,0,0,2,2,2
20251022 13:17:00,10.34,10.41,10.25,10.3225,0,0,2,2,0
20251022 13:18:00,10.315,10.3319,10.25,10.29095,0,0,2,2,0
20251022 13:19:00,10.29095,10.57,10.26,10.415,0,0,2,2,2
20251022 13:20:00,10.415,10.435,10.15,10.27125,0,0,2,2,0
20251022 13:21:00,10.25,10.25,10.1499,10.18217,0,0,2,2,1
20251022 13:22:00,10.1694,10.2399,10.1637,10.1934,0,0,2,2,0
20251022 13:23:00,10.185,10.24,10.18,10.21403,0,0,2,2,0
20251022 13:24:00,10.21805,10.5,10.21805,10.31658,0,0,2,2,2
20251022 13:25:00,10.27,10.5,10.27,10.395,0,0,2,2,2
20251022 13:26:00,10.38,10.45,10.324,10.391,0,0,2,2,0
20251022 13:27:00,10.395,10.45,10.32,10.3875,0,0,2,2,0
20251022 13:28:00,10.39,10.4038,10.33,10.3744,0,0,2,2,0
20251022 13:29:00,10.3819,10.3819,10.2,10.265,0,0,2,2,0
20251022 13:30:00,10.265,10.5899,10.112,10.36547,1879149,0,2,2,1
20251022 13:31:00,10.38,10.9,10.38,10.6975,136556,0,2,2,0
20251022 13:32:00,10.6675,11.45,10.6675,11.08255,338847,0,2,2,0
20251022 13:33:00,11.0648,12.3,11.0648,11.8375,505699,0,2,2,2
20251022 13:34:00,11.87,12.3,11.87,12.29005,31200,0,2,2,2
20251022 13:35:00,12.29005,12.3,12.2801,12.29005,31200,0,2,2,2
20251022 13:36:00,12.29005,12.29005,0,0,0,0,2,2,1
20251022 13:37:00,0,0,0,0,0,0,2,2,1
20251022 13:38:00,0,0,0,0,0,0,2,2,1
20251022 13:39:00,0,13.7,0,12.94753,994669,0,2,2,1
20251022 13:40:00,12.87505,13.49,12.2,12.93003,626970,0,2,2,0
20251022 13:41:00,13.01505,13.01505,12.17,12.62222,389069,0,2,2,0
20251022 13:42:00,12.68945,12.95,12.5746,12.7337,266168,0,2,2,0
20251022 13:43:00,12.7051,12.76,11.83,12.35497,426193,0,2,2,1
20251022 13:44:00,12.41495,12.53,12.06,12.31213,231212,0,2,2,0
20251022 13:45:00,12.32925,12.93,12.32925,12.65228,352388,0,2,2,0
20251022 13:46:00,12.5995,12.7,12,12.36613,230634,0,2,2,0
20251022 13:47:00,12.38225,12.38225,11.65,11.9737,305029,0,2,2,1
20251022 13:48:00,12.0276,12.0276,11.7,11.83625,168046,0,2,2,0
20251022 13:49:00,11.8275,11.91,11.71,11.77752,210497,0,2,2,0
20251022 13:50:00,11.74505,12.2,11.74,11.9414,100517,0,2,2,0
20251022 13:51:00,11.9128,12.55,11.9128,12.28753,200302,0,2,2,2
20251022 13:52:00,12.27505,12.46,12,12.2384,111537,0,2,2,0
20251022 13:53:00,12.2468,12.2468,11.85,11.96165,101760,0,2,2,0
20251022 13:54:00,11.96005,12.1499,11.92,12.00497,54177,0,2,2,0
20251022 13:55:00,11.975,12.24,11.94,12.0964,121158,0,2,2,0
20251022 13:56:00,12.1028,12.24,11.9,12.0825,86635,0,2,2,0
20251022 13:57:00,12.095,12.095,11.8728,11.9673,64717,0,2,2,0
20251022 13:58:00,11.9632,11.97,11.9,11.93755,66601,0,2,2,0
20251022 13:59:00,11.9401,11.9401,11.52,11.76622,221417,0,2,2,1
20251022 14:00:00,11.8156,11.8156,11.61,11.72573,76150,0,2,2,0
20251022 14:01:00,11.7415,12.1,11.7415,11.89752,111058,0,2,2,2
20251022 14:02:00,11.86005,11.94,11.65,11.8025,60110,0,2,2,0
20251022 14:03:00,11.81,11.81,11.61,11.66003,58057,0,2,2,0
20251022 14:04:00,11.66505,11.6855,11.6,11.63392,63999,0,2,2,0
20251022 14:05:00,11.6251,11.7365,11.5,11.63295,99841,0,2,2,1
20251022 14:06:00,11.64765,11.82,11.5,11.65,98042,0,2,2,2
20251022 14:07:00,11.64,11.645,11.5002,11.57148,44672,0,2,2,0
20251022 14:08:00,11.57035,11.6,11.31,11.45133,84774,0,2,2,1
20251022 14:09:00,11.44765,11.67,11.35,11.481,94004,0,2,2,0
20251022 14:10:00,11.452,11.73,11.452,11.59883,62982,0,2,2,0
20251022 14:11:00,11.5825,11.7486,11.51,11.62215,39338,0,2,2,0
20251022 14:12:00,11.615,11.85,11.61,11.71247,93021,0,2,2,2
20251022 14:13:00,11.69495,11.74,11.54,11.67125,48364,0,2,2,0
20251022 14:14:00,11.7025,11.8,11.6603,11.7344,54461,0,2,2,0
20251022 14:15:00,11.73865,12.2493,11.73865,11.99668,193235,0,2,2,0
20251022 14:16:00,11.99,12.4096,11.99,12.2524,126813,0,2,2,2
20251022 14:17:00,12.22995,12.255,11.94,12.12327,82858,0,2,2,0
20251022 14:18:00,12.14905,12.14905,11.91,12.02098,61683,0,2,2,0
20251022 14:19:00,12.047,12.1493,11.9862,12.06293,77274,0,2,2,0
20251022 14:20:00,12.0581,12.13,11.9375,12.04562,54177,0,2,2,0
20251022 14:21:00,12.0575,12.27,11.9428,12.0982,108281,0,2,2,0
20251022 14:22:00,12.09,12.2656,12.0244,12.1889,91436,0,2,2,0
20251022 14:23:00,12.2328,12.2899,12.16,12.22248,96938,0,2,2,0
20251022 14:24:00,12.22,12.22,12.01,12.15425,54157,0,2,2,0
20251022 14:25:00,12.1935,12.43,12.1935,12.315,92869,0,2,2,2
20251022 14:26:00,12.31,12.42,12.08,12.26315,114032,0,2,2,0
20251022 14:27:00,12.2763,12.2763,11.71,11.93762,155863,0,2,2,0
20251022 14:28:00,11.94025,11.94025,11.61,11.70395,51030,0,2,2,1
20251022 14:29:00,11.715,11.82,11.6901,11.74002,50111,0,2,2,0
20251022 14:30:00,11.725,11.86,11.6801,11.73502,52348,0,2,2,0
20251022 14:31:00,11.7,11.76,11.61,11.7005,48097,0,2,2,1
20251022 14:32:00,11.716,12.04,11.71,11.87485,76165,0,2,2,0
20251022 14:33:00,11.8747,12.095,11.8747,11.98125,44084,0,2,2,0
20251022 14:34:00,11.955,12.3,11.955,12.12053,125871,0,2,2,0
20251022 14:35:00,12.1134,12.41,12.101,12.28872,126517,0,2,2,0
20251022 14:36:00,12.32195,12.55,12.3,12.4398,193094,0,2,2,0
20251022 14:37:00,12.4546,12.78,12.44,12.58747,203496,0,2,2,2
20251022 14:38:00,12.56495,12.76,12.5014,12.60038,110138,0,2,2,0
20251022 14:39:00,12.57005,12.68,12.461,12.5455,86950,0,2,2,0
20251022 14:40:00,12.5205,12.67,12.48,12.57325,120729,0,2,2,0
20251022 14:41:00,12.5715,12.74,12.5301,12.62215,102449,0,2,2,0
20251022 14:42:00,12.60925,12.60925,12.3402,12.47255,78021,0,2,2,0
20251022 14:43:00,12.4925,12.4925,12.23,12.32945,64569,0,2,2,0
20251022 14:44:00,12.33395,12.35,12.03,12.18297,91161,0,2,2,0
20251022 14:45:00,12.17595,12.2,11.91,12.06748,117052,0,2,2,1
20251022 14:46:00,12.07995,12.15,12.07995,12.12,11069,0,2,2,0
20251022 14:47:00,12.12495,12.4399,12.12495,12.32977,110313,0,2,2,0
20251022 14:48:00,12.3148,12.8,12.16,12.44448,184708,0,2,2,2
20251022 14:49:00,12.40895,12.75,12.40895,12.66022,125172,0,2,2,0
20251022 14:50:00,12.67045,12.78,12.65,12.72,80209,0,2,2,0
20251022 14:51:00,12.725,12.95,12.68,12.80027,172380,0,2,2,0
20251022 14:52:00,12.78555,12.8599,12.5001,12.72503,126962,0,2,2,0
20251022 14:53:00,12.77005,12.9899,12.69,12.82477,160882,0,2,2,0
20251022 14:54:00,12.8096,13.07,12.8096,12.97555,163446,0,2,2,0
20251022 14:55:00,12.9611,13.1,12.85,13.00452,150620,0,2,2,0
20251022 14:56:00,13.03405,13.25,12.9501,13.11643,228157,0,2,2,0
20251022 14:57:00,13.1328,13.3,13.05,13.16002,167067,0,2,2,2
20251022 14:58:00,13.14505,13.14505,12.85,12.99015,118092,0,2,2,1
20251022 14:59:00,13.01535,13.17,12.86,13.04208,110400,0,2,2,0
20251022 15:00:00,13.06915,13.39,13.06,13.21645,253544,0,2,2,0
20251022 15:01:00,13.2079,13.2999,13.1501,13.23217,114647,0,2,2,0
20251022 15:02:00,13.23935,13.4295,13.2001,13.31977,171808,0,2,2,2
20251022 15:03:00,13.32475,13.4191,13.01,13.2408,135140,0,2,2,0
20251022 15:04:00,13.26705,13.26705,13,13.08753,92404,0,2,2,0
20251022 15:05:00,13.07505,13.07505,12.81,12.9561,156122,0,2,2,0
20251022 15:06:00,12.9872,12.99,12.7,12.8646,94348,0,2,2,1
20251022 15:07:00,12.8842,12.98,12.7524,12.8706,42684,0,2,2,0
20251022 15:08:00,12.875,12.96,12.83,12.9125,61087,0,2,2,0
20251022 15:09:00,12.93,12.98,12.845,12.92625,35015,0,2,2,0
20251022 15:10:00,12.94,12.9689,12.8307,12.9102,25024,0,2,2,0
20251022 15:11:00,12.9206,12.95,12.7107,12.83833,37302,0,2,2,1
20251022 15:12:00,12.8463,12.9399,12.7701,12.85,46743,0,2,2,0
20251022 15:13:00,12.845,13.26,12.8194,13.05985,98320,0,2,2,0
20251022 15:14:00,13.08,13.32,13.08,13.2615,114726,0,2,2,2
20251022 15:15:00,13.283,13.31,13.04,13.21078,80588,0,2,2,0
20251022 15:16:00,13.24655,13.24655,13.06,13.15118,42118,0,2,2,0
20251022 15:17:00,13.1674,13.3,12.86,13.0625,107273,0,2,2,1
20251022 15:18:00,13.045,13.167,12.86,12.97275,88413,0,2,2,0
20251022 15:19:00,12.932,12.9724,12.865,12.9131,62983,0,2,2,0
20251022 15:20:00,12.9075,12.98,12.85,12.90158,45260,0,2,2,0
20251022 15:21:00,12.88815,12.89,12.5223,12.70808,122134,0,2,2,1
20251022 15:22:00,12.71,12.77,12.53,12.62,50097,0,2,2,0
20251022 15:23:00,12.59,12.7,12.58,12.6425,50663,0,2,2,0
20251022 15:24:00,12.645,12.72,12.56,12.6375,37602,0,2,2,0
20251022 15:25:00,12.635,12.84,12.635,12.75632,54397,0,2,2,0
20251022 15:26:00,12.76,12.93,12.63,12.78,60675,0,2,2,2
20251022 15:27:00,12.78,12.8097,12.63,12.72618,31818,0,2,2,0
20251022 15:28:00,12.7325,12.7325,12.6,12.645,45997,0,2,2,0
20251022 15:29:00,12.645,12.8,12.6,12.68625,33663,0,2,2,0
20251022 15:30:00,12.6725,12.685,12.58,12.6425,56823,0,2,2,0
20251022 15:31:00,12.6525,12.66,12.52,12.5775,32884,0,2,2,0
20251022 15:32:00,12.565,12.565,12.3,12.475,89998,0,2,2,1
20251022 15:33:00,12.52,12.75,12.52,12.6375,54005,0,2,2,0
20251022 15:34:00,12.64,12.77,12.545,12.66623,29611,0,2,2,0
20251022 15:35:00,12.67495,12.86,12.52,12.6975,44730,0,2,2,0
20251022 15:36:00,12.705,13.02,12.705,12.91103,111941,0,2,2,2
20251022 15:37:00,12.885,12.9,12.79,12.86,23716,0,2,2,0
20251022 15:38:00,12.875,12.97,12.8201,12.89752,41058,0,2,2,0
20251022 15:39:00,12.9,13.18,12.9,13.02503,91659,0,2,2,0
20251022 15:40:00,13.00505,13.34,13.00505,13.17,164080,0,2,2,2
20251022 15:41:00,13.15,13.2552,12.951,13.09908,116957,0,2,2,0
20251022 15:42:00,13.09505,13.09505,12.82,12.9676,54069,0,2,2,0
20251022 15:43:00,12.9876,12.9876,12.74,12.8425,103287,0,2,2,0
20251022 15:44:00,12.8273,12.88,12.4,12.6675,177158,0,2,2,1
20251022 15:45:00,12.695,12.799,12.6345,12.6858,48815,0,2,2,0
20251022 15:46:00,12.65485,12.6964,12.44,12.58035,51342,0,2,2,0
20251022 15:47:00,12.5925,12.5925,12.4,12.45837,59537,0,2,2,0
20251022 15:48:00,12.44505,12.47,12.36,12.40753,28169,0,2,2,0
20251022 15:49:00,12.40005,12.40005,12.04,12.27625,137652,0,2,2,1
20251022 15:50:00,12.3325,12.44,12.13,12.3,98775,0,2,2,0
20251022 15:51:00,12.315,12.55,12.3,12.4257,47350,0,2,2,0
20251022 15:52:00,12.4264,12.57,12.4264,12.51493,20330,0,2,2,2
20251022 15:53:00,12.49985,12.49985,12.23,12.3775,49021,0,2,2,0
20251022 15:54:00,12.395,12.395,12.24,12.2825,60307,0,2,2,0
20251022 15:55:00,12.29,12.44,12.26,12.3368,13782,0,2,2,0
20251022 15:56:00,12.3236,12.41,12.26,12.33875,20824,0,2,2,0
20251022 15:57:00,12.3425,12.35,12.23,12.2875,47691,0,2,2,0
20251022 15:58:00,12.285,12.285,12.05,12.1561,78536,0,2,2,1
20251022 15:59:00,12.1572,12.1899,12.05,12.11747,47255,0,2,2,0
20251022 16:00:00,12.115,12.18,12.09,12.1275,30694,0,2,2,0
20251022 16:01:00,12.12,12.1481,11.9,12.03665,67706,0,2,2,0
20251022 16:02:00,12.04925,12.0616,11.8,11.9063,65324,0,2,2,1
20251022 16:03:00,11.8818,11.9857,11.8,11.8825,88030,0,2,2,1
20251022 16:04:00,11.87215,12.1,11.87215,12.01175,32239,0,2,2,0
20251022 16:05:00,12.0035,12.1,12.0035,12.04295,12370,0,2,2,0
20251022 16:06:00,12.0318,12.19,12.02,12.0975,26913,0,2,2,2
20251022 16:07:00,12.09,12.18,12.09,12.14985,28565,0,2,2,0
20251022 16:08:00,12.1441,12.1441,12,12.0471,29035,0,2,2,0
20251022 16:09:00,12.0496,12.0496,11.88,11.96125,67197,0,2,2,1
20251022 16:10:00,11.9725,12.02,11.8969,11.9474,27280,0,2,2,0
20251022 16:11:00,11.93635,11.99,11.885,11.9458,14375,0,2,2,0
20251022 16:12:00,11.9541,12.12,11.9206,11.99765,24111,0,2,2,0
20251022 16:13:00,11.975,12.2684,11.975,12.09965,62576,0,2,2,0
20251022 16:14:00,12.06505,12.47,12.06505,12.265,72614,0,2,2,0
20251022 16:15:00,12.23,12.38,12.23,12.3375,23712,0,2,2,0
20251022 16:16:00,12.34,12.64,12.34,12.4725,59281,0,2,2,2
20251022 16:17:00,12.44,12.5299,12.42,12.47372,33070,0,2,2,0
20251022 16:18:00,12.4725,12.63,12.445,12.5,80677,0,2,2,0
20251022 16:19:00,12.4625,12.4999,12.4,12.46495,31563,0,2,2,0
20251022 16:20:00,12.47995,12.5,12.41,12.4506,11869,0,2,2,0
20251022 16:21:00,12.4462,12.4895,12.4,12.42752,8494,0,2,2,0
20251022 16:22:00,12.4103,12.415,12.19,12.3047,44135,0,2,2,0
20251022 16:23:00,12.3069,12.3069,12.19,12.22027,12453,0,2,2,0
20251022 16:24:00,12.2056,12.3,12.125,12.21,18183,0,2,2,1
20251022 16:25:00,12.2075,12.44,12.165,12.29625,21610,0,2,2,0
20251022 16:26:00,12.29,12.5,12.29,12.42875,28029,0,2,2,2
20251022 16:27:00,12.4225,12.4225,12.22,12.31625,18860,0,2,2,0
20251022 16:28:00,12.3225,12.34,12.2212,12.2678,19067,0,2,2,0
20251022 16:29:00,12.255,12.3552,12.255,12.31605,10405,0,2,2,0
20251022 16:30:00,12.3095,12.35,12.15,12.25,9253,0,2,2,0
20251022 16:31:00,12.25,12.25,11.93,12.05293,61115,0,2,2,0
20251022 16:32:00,12.06535,12.1,11.95,11.99265,43052,0,2,2,0
20251022 16:33:00,11.9603,12.19,11.92,12.04955,35545,0,2,2,1
20251022 16:34:00,12.0441,12.16,12.005,12.0871,11079,0,2,2,0
20251022 16:35:00,12.0917,12.124,12.06,12.092,12390,0,2,2,0
20251022 16:36:00,12.092,12.1199,11.97,12.04622,14987,0,2,2,0
20251022 16:37:00,12.0475,12.07,12,12.025,28560,0,2,2,0
20251022 16:38:00,12.015,12.07,12.0098,12.0312,8266,0,2,2,0
20251022 16:39:00,12.0225,12.052,11.9806,12.01183,18216,0,2,2,0
20251022 16:40:00,12.00735,12.00735,11.94,11.97345,6218,0,2,2,0
20251022 16:41:00,11.9775,11.98,11.9312,11.95805,16589,0,2,2,0
20251022 16:42:00,11.9605,12,11.9204,11.96462,16980,0,2,2,1
20251022 16:43:00,11.96905,12.1,11.94,12.00202,26219,0,2,2,0
20251022 16:44:00,11.98405,12.08,11.98405,12.02845,10973,0,2,2,0
20251022 16:45:00,12.0147,12.1898,12.0147,12.0835,16897,0,2,2,2
20251022 16:46:00,12.0621,12.1,12.0201,12.07505,11213,0,2,2,0
20251022 16:47:00,12.09005,12.1492,12.0651,12.10267,9248,0,2,2,0
20251022 16:48:00,12.0982,12.1148,11.95,12.0399,22403,0,2,2,0
20251022 16:49:00,12.0474,12.08,11.882,11.9574,38627,0,2,2,0
20251022 16:50:00,11.9338,11.9338,11.8801,11.90003,22751,0,2,2,0
20251022 16:51:00,11.895,11.91,11.85,11.87875,24594,0,2,2,0
20251022 16:52:00,11.8775,11.8775,11.7,11.7925,109493,0,2,2,1
20251022 16:53:00,11.81,11.8482,11.77,11.7983,14677,0,2,2,0
20251022 16:54:00,11.7875,11.93,11.7875,11.85185,21939,0,2,2,0
20251022 16:55:00,11.8375,11.9899,11.8375,11.92498,16795,0,2,2,2
20251022 16:56:00,11.915,11.96,11.9122,11.93665,11964,0,2,2,0
20251022 16:57:00,11.9372,11.9372,11.8,11.86975,26245,0,2,2,0
20251022 16:58:00,11.8745,11.8745,11.8003,11.82383,10105,0,2,2,0
20251022 16:59:00,11.8225,11.8225,11.7101,11.76673,39290,0,2,2,0
20251022 17:00:00,11.775,11.775,11.71,11.73375,14528,0,2,2,0
20251022 17:01:00,11.7325,11.7325,11.56,11.6654,81534,0,2,2,1
20251022 17:02:00,11.69165,11.69165,11.62,11.65247,17649,0,2,2,0
20251022 17:03:00,11.655,11.77,11.655,11.7135,20943,0,2,2,0
20251022 17:04:00,11.7135,11.7699,11.68,11.7337,10196,0,2,2,0
20251022 17:05:00,11.74245,11.88,11.7375,11.8027,25051,0,2,2,0
20251022 17:06:00,11.79665,11.8799,11.75,11.83485,15896,0,2,2,0
20251022 17:07:00,11.85475,11.98,11.85475,11.91052,25947,0,2,2,0
20251022 17:08:00,11.90355,12,11.86,11.93535,23952,0,2,2,0
20251022 17:09:00,11.9407,11.96,11.91,11.94,5320,0,2,2,0
20251022 17:10:00,11.945,12.09,11.945,12.0175,32134,0,2,2,0
20251022 17:11:00,12,12.12,12,12.07917,16881,0,2,2,2
20251022 17:12:00,12.08335,12.1,12.04,12.06958,11218,0,2,2,0
20251022 17:13:00,12.06915,12.06915,11.88,11.97867,12937,0,2,2,1
20251022 17:14:00,11.99235,11.99235,11.9,11.932,7886,0,2,2,0
20251022 17:15:00,11.9415,12.03,11.911,11.96807,23721,0,2,2,0
20251022 17:16:00,11.96565,12,11.8515,11.95288,26436,0,2,2,1
20251022 17:17:00,11.98,12.07,11.96,11.99002,21528,0,2,2,2
20251022 17:18:00,11.96505,11.96505,11.92,11.9425,7505,0,2,2,0
20251022 17:19:00,11.945,11.96,11.92,11.9375,3343,0,2,2,0
20251022 17:20:00,11.935,12,11.92,11.9575,14277,0,2,2,1
20251022 17:21:00,11.955,12.03,11.9501,11.98492,8584,0,2,2,2
20251022 17:22:00,11.9798,12.02,11.9606,12.0014,9113,0,2,2,0
20251022 17:23:00,12.0125,12.0125,11.9304,11.96478,6059,0,2,2,0
20251022 17:24:00,11.97185,11.97185,11.915,11.94305,31222,0,2,2,1
20251022 17:25:00,11.9436,12.07,11.94,12.00125,13143,0,2,2,0
20251022 17:26:00,11.9975,12.0299,11.985,12.007,11316,0,2,2,0
20251022 17:27:00,12.00655,12.08,11.9629,12.02132,19198,0,2,2,0
20251022 17:28:00,12.0212,12.1999,12.0212,12.1289,45195,0,2,2,0
20251022 17:29:00,12.12285,12.33,12.12285,12.22857,42366,0,2,2,2
20251022 17:30:00,12.20715,12.245,12.11,12.19,16133,0,2,2,0
20251022 17:31:00,12.2025,12.2025,12.1103,12.1613,9221,0,2,2,0
20251022 17:32:00,12.16745,12.24,12.16745,12.19697,18863,0,2,2,0
20251022 17:33:00,12.18645,12.23,12.1722,12.2018,15398,0,2,2,0
20251022 17:34:00,12.2025,12.23,12.1701,12.19505,15552,0,2,2,0
20251022 17:35:00,12.19005,12.33,12.1898,12.2475,22795,0,2,2,0
20251022 17:36:00,12.2351,12.37,12.2351,12.33375,45279,0,2,2,0
20251022 17:37:00,12.345,12.4166,12.24,12.33165,34518,0,2,2,2
20251022 17:38:00,12.335,12.335,12.19,12.25712,15593,0,2,2,0
20251022 17:39:00,12.2714,12.2714,12.15,12.1957,15420,0,2,2,0
20251022 17:40:00,12.195,12.3,12.1464,12.19945,14254,0,2,2,1
20251022 17:41:00,12.1757,12.205,12.1588,12.17735,20261,0,2,2,0
20251022 17:42:00,12.1728,12.2,12.15,12.17,6049,0,2,2,0
20251022 17:43:00,12.165,12.165,12,12.08,15827,0,2,2,1
20251022 17:44:00,12.08,12.08,12.0078,12.03445,15109,0,2,2,0
20251022 17:45:00,12.03,12.05,12,12.02,18366,0,2,2,1
20251022 17:46:00,12.015,12.095,12.005,12.05095,18772,0,2,2,0
20251022 17:47:00,12.0519,12.2,12.0519,12.1312,19929,0,2,2,0
20251022 17:48:00,12.1174,12.18,12.105,12.1375,26417,0,2,2,0
20251022 17:49:00,12.1325,12.25,12.13,12.18135,64852,0,2,2,2
20251022 17:50:00,12.1727,12.19,12.16,12.175,17264,0,2,2,0
20251022 17:51:00,12.175,12.22,12.1001,12.15377,14459,0,2,2,0
20251022 17:52:00,12.1475,12.1475,12.1,12.10938,9076,0,2,2,0
20251022 17:53:00,12.10375,12.105,12,12.05145,13035,0,2,2,0
20251022 17:54:00,12.0504,12.0504,11.98,11.99977,13386,0,2,2,1
20251022 17:55:00,11.99455,12.0991,11.9875,12.04393,13149,0,2,2,0
20251022 17:56:00,12.04455,12.19,12.04455,12.14665,13272,0,2,2,0
20251022 17:57:00,12.145,12.34,12.145,12.24593,34487,0,2,2,0
20251022 17:58:00,12.2459,12.4799,12.2459,12.35958,49329,0,2,2,2
20251022 17:59:00,12.3282,12.4799,12.3152,12.40995,60821,0,2,2,2
20251022 18:00:00,12.42235,12.42235,12.3001,12.35565,19645,0,2,2,0
20251022 18:01:00,12.365,12.47,12.365,12.41712,26704,0,2,2,0
20251022 18:02:00,12.41075,12.5,12.3742,12.42947,93785,0,2,2,2
20251022 18:03:00,12.42185,12.4297,12.3236,12.36858,12001,0,2,2,0
20251022 18:04:00,12.3605,12.3605,12.2001,12.2783,35959,0,2,2,1
20251022 18:05:00,12.2883,12.35,12.225,12.28,28604,0,2,2,0
20251022 18:06:00,12.2725,12.5,12.25,12.34625,75525,0,2,2,0
20251022 18:07:00,12.3175,12.85,12.3175,12.54988,137830,0,2,2,2
20251022 18:08:00,12.47975,12.67,12.47975,12.60125,33621,0,2,2,0
20251022 18:09:00,12.6,12.73,12.41,12.60125,83628,0,2,2,0
20251022 18:10:00,12.6325,12.6325,12.5,12.54422,19801,0,2,2,0
20251022 18:11:00,12.54345,12.58,12.51,12.54863,36492,0,2,2,0
20251022 18:12:00,12.55225,12.56,12.51,12.54125,32578,0,2,2,0
20251022 18:13:00,12.5475,12.58,12.5081,12.53463,34231,0,2,2,0
20251022 18:14:00,12.5252,12.5566,12.5,12.53022,19482,0,2,2,1
20251022 18:15:00,12.53215,12.7299,12.53,12.61672,56924,0,2,2,0
20251022 18:16:00,12.6035,12.71,12.6035,12.675,40073,0,2,2,0
20251022 18:17:00,12.6825,12.7663,12.66,12.70885,41769,0,2,2,0
20251022 18:18:00,12.70455,12.899,12.70455,12.7735,72678,0,2,2,2
20251022 18:19:00,12.7375,12.7654,12.7,12.73993,41469,0,2,2,0
20251022 18:20:00,12.74715,12.74715,12.53,12.61875,42611,0,2,2,0
20251022 18:21:00,12.6225,12.64,12.55,12.59375,20029,0,2,2,0
20251022 18:22:00,12.5925,12.64,12.5001,12.59355,43522,0,2,2,1
20251022 18:23:00,12.61705,12.8499,12.55,12.68122,86984,0,2,2,0
20251022 18:24:00,12.6625,12.85,12.6625,12.78922,38298,0,2,2,0
20251022 18:25:00,12.79995,13,12.79995,12.9397,107728,0,2,2,0
20251022 18:26:00,12.9347,13.03,12.84,12.94625,99991,0,2,2,2
20251022 18:27:00,12.9575,13.03,12.935,12.9697,58313,0,2,2,2
20251022 18:28:00,12.9569,12.98,12.83,12.9246,58837,0,2,2,0
20251022 18:29:00,12.9442,12.96,12.89,12.9184,19820,0,2,2,0
20251022 18:30:00,12.9118,13.11,12.8569,12.97808,101080,0,2,2,2
20251022 18:31:00,12.9727,13.1095,12.9727,13.07488,36025,0,2,2,0
20251022 18:32:00,13.065,13.07,12.91,13.00755,43242,0,2,2,0
20251022 18:33:00,13.0251,13.0453,12.9724,12.99568,39620,0,2,2,0
20251022 18:34:00,12.9825,13.01,12.91,12.9675,26212,0,2,2,0
20251022 18:35:00,12.975,12.975,12.8127,12.90085,39738,0,2,2,0
20251022 18:36:00,12.9206,12.98,12.8601,12.9223,51137,0,2,2,0
20251022 18:37:00,12.92455,12.98,12.71,12.8475,81469,0,2,2,0
20251022 18:38:00,12.85,12.85,12.74,12.77782,24286,0,2,2,0
20251022 18:39:00,12.7768,12.82,12.6377,12.72945,37353,0,2,2,0
20251022 18:40:00,12.73005,12.78,12.63,12.72125,18152,0,2,2,1
20251022 18:41:00,12.7375,12.78,12.69,12.73375,15659,0,2,2,0
20251022 18:42:00,12.7325,12.75,12.685,12.70935,11848,0,2,2,0
20251022 18:43:00,12.7012,12.98,12.69,12.815,41696,0,2,2,2
20251022 18:44:00,12.795,12.96,12.755,12.85375,22084,0,2,2,0
20251022 18:45:00,12.85,12.87,12.7287,12.7956,19543,0,2,2,0
20251022 18:46:00,12.79185,12.83,12.7601,12.79463,15612,0,2,2,0
20251022 18:47:00,12.7942,12.839,12.7235,12.78728,25242,0,2,2,1
20251022 18:48:00,12.7933,12.9,12.7933,12.8475,28395,0,2,2,0
20251022 18:49:00,12.84,12.99,12.84,12.91138,31468,0,2,2,0
20251022 18:50:00,12.90775,12.98,12.86,12.92558,18050,0,2,2,0
20251022 18:51:00,12.93115,13,12.9001,12.93253,23596,0,2,2,0
20251022 18:52:00,12.915,12.9399,12.89,12.91848,22002,0,2,2,0
20251022 18:53:00,12.922,13.11,12.9047,13.00205,69748,0,2,2,0
20251022 18:54:00,12.99675,13.19,12.99675,13.13042,39679,0,2,2,0
20251022 18:55:00,13.1308,13.21,13.1308,13.18068,86782,0,2,2,0
20251022 18:56:00,13.18135,13.3,13.16,13.22625,99497,0,2,2,2
20251022 18:57:00,13.2225,13.3,13.19,13.23525,69375,0,2,2,2
20251022 18:58:00,13.2255,13.2255,12.951,13.08537,80009,0,2,2,0
20251022 18:59:00,13.0975,13.0975,12.8001,12.89645,78767,0,2,2,1
20251022 19:00:00,12.893,12.95,12.8069,12.84828,26336,0,2,2,0
20251022 19:01:00,12.8181,12.94,12.8181,12.895,25216,0,2,2,0
20251022 19:02:00,12.89,12.94,12.8301,12.88352,13722,0,2,2,0
20251022 19:03:00,12.882,12.98,12.83,12.89,13132,0,2,2,2
20251022 19:04:00,12.875,12.95,12.835,12.88478,22855,0,2,2,0
20251022 19:05:00,12.87705,12.87705,12.7,12.783,54373,0,2,2,1
20251022 19:06:00,12.8005,12.8999,12.755,12.80122,25953,0,2,2,0
20251022 19:07:00,12.775,12.775,12.7,12.74005,16830,0,2,2,0
20251022 19:08:00,12.75005,12.75005,12.35,12.58375,114558,0,2,2,1
20251022 19:09:00,12.63,12.6947,12.53,12.61627,41783,0,2,2,0
20251022 19:10:00,12.6202,12.68,12.56,12.62625,24562,0,2,2,0
20251022 19:11:00,12.6325,12.64,12.5001,12.55877,34047,0,2,2,0
20251022 19:12:00,12.5475,12.5475,12.4,12.486,31951,0,2,2,0
20251022 19:13:00,12.5135,12.5599,12.4205,12.47758,73151,0,2,2,0
20251022 19:14:00,12.46495,12.46495,12.1,12.31625,86546,0,2,2,1
20251022 19:15:00,12.3625,12.55,12.2844,12.42373,31339,0,2,2,0
20251022 19:16:00,12.43025,12.56,12.31,12.465,44204,0,2,2,0
20251022 19:17:00,12.495,12.69,12.385,12.51875,32077,0,2,2,2
20251022 19:18:00,12.5,12.67,12.5,12.61732,62148,0,2,2,0
20251022 19:19:00,12.62505,12.68,12.552,12.6155,36570,0,2,2,0
20251022 19:20:00,12.615,12.75,12.535,12.62425,41581,0,2,2,2
20251022 19:21:00,12.606,12.6797,12.5706,12.62007,23444,0,2,2,0
20251022 19:22:00,12.615,12.615,12.55,12.57625,21491,0,2,2,0
20251022 19:23:00,12.57755,12.58,12.4925,12.54527,21482,0,2,2,0
20251022 19:24:00,12.5543,12.58,12.3511,12.46402,33251,0,2,2,0
20251022 19:25:00,12.4625,12.4625,12.3601,12.39503,28116,0,2,2,0
20251022 19:26:00,12.395,12.4369,12.3,12.3697,99790,0,2,2,0
20251022 19:27:00,12.37095,12.37095,12.14,12.24875,61186,0,2,2,1
20251022 19:28:00,12.2725,12.41,12.225,12.3011,32533,0,2,2,0
20251022 19:29:00,12.2847,12.44,12.2847,12.37315,16299,0,2,2,2
20251022 19:30:00,12.36625,12.39,12.27,12.33125,16657,0,2,2,0
20251022 19:31:00,12.3325,12.3325,12.24,12.28437,24221,0,2,2,0
20251022 19:32:00,12.28375,12.42,12.28375,12.35765,18036,0,2,2,0
20251022 19:33:00,12.3528,12.4,12.3528,12.38373,8640,0,2,2,0
20251022 19:34:00,12.38245,12.38245,12.265,12.32,6747,0,2,2,0
20251022 19:35:00,12.3175,12.3175,12.26,12.2869,20799,0,2,2,1
20251022 19:36:00,12.28815,12.3813,12.28,12.33782,32504,0,2,2,0
20251022 19:37:00,12.345,12.39,12.3199,12.35248,10911,0,2,2,2
20251022 19:38:00,12.35,12.35,12.185,12.2625,40337,0,2,2,1
20251022 19:39:00,12.2625,12.3899,12.185,12.28373,54107,0,2,2,1
20251022 19:40:00,12.28,12.5,12.28,12.41725,64082,0,2,2,0
20251022 19:41:00,12.4323,12.63,12.4323,12.50875,61036,0,2,2,2
20251022 19:42:00,12.4775,12.5273,12.45,12.48432,17660,0,2,2,0
20251022 19:43:00,12.48,12.55,12.475,12.5,31276,0,2,2,0
20251022 19:44:00,12.4875,12.5023,12.47,12.48438,12270,0,2,2,0
20251022 19:45:00,12.4826,12.58,12.4707,12.52017,30021,0,2,2,0
20251022 19:46:00,12.515,12.68,12.46,12.5875,44714,0,2,2,1
20251022 19:47:00,12.605,12.9,12.605,12.75532,78129,0,2,2,0
20251022 19:48:00,12.7553,12.9,12.7553,12.835,85283,0,2,2,0
20251022 19:49:00,12.835,13.05,12.7925,12.89365,96151,0,2,2,0
20251022 19:50:00,12.86605,13.075,12.86605,12.9763,77679,0,2,2,0
20251022 19:51:00,12.9651,13.08,12.94,12.98502,42882,0,2,2,2
20251022 19:52:00,12.96005,12.97,12.86,12.93423,33151,0,2,2,0
20251022 19:53:00,12.95345,13.05,12.9401,12.9861,38537,0,2,2,0
20251022 19:54:00,12.97715,13.05,12.97715,13.01558,48130,0,2,2,0
20251022 19:55:00,13.01115,13.1,13.01,13.045,90878,0,2,2,2
20251022 19:56:00,13.035,13.0689,12.905,13.00467,45324,0,2,2,0
20251022 19:57:00,13.0224,13.0224,12.75,12.86815,147353,0,2,2,1
20251022 19:58:00,12.8744,12.8744,12.75,12.78652,44068,0,2,2,1
20251022 19:59:00,12.79,12.94,12.76,12.844,79320,0,2,2,0
20251022 20:00:00,12.838,12.99,12.838,12.94,49206,0,2,2,0
20251022 20:01:00,12.94,12.99,12.94,12.97237,0,0,2,2,0
20251022 20:02:00,12.97475,13,12.95,12.9775,0,0,2,2,2
20251022 20:03:00,12.98,12.9999,12.92,12.95967,0,0,2,2,0
20251022 20:04:00,12.9594,12.98,12.89,12.93777,0,0,2,2,0
20251022 20:05:00,12.94055,12.99,12.94,12.97,0,0,2,2,0
20251022 20:06:00,12.975,12.975,12.85,12.9175,0,0,2,2,0
20251022 20:07:00,12.94,12.94,12.84,12.8625,0,0,2,2,0
20251022 20:08:00,12.86,12.88,12.75,12.8125,0,0,2,2,0
20251022 20:09:00,12.81,12.81,12.47,12.625,0,0,2,2,0
20251022 20:10:00,12.625,12.89,12.42,12.59718,0,0,2,2,1
20251022 20:11:00,12.53935,12.8497,12.53935,12.68743,0,0,2,2,0
20251022 20:12:00,12.655,12.77,12.655,12.74,0,0,2,2,0
20251022 20:13:00,12.745,12.76,12.66,12.705,0,0,2,2,0
20251022 20:14:00,12.7,12.7,12.49,12.58,0,0,2,2,1
20251022 20:15:00,12.585,12.585,12.51,12.53,0,0,2,2,0
20251022 20:16:00,12.515,12.62,12.515,12.585,0,0,2,2,0
20251022 20:17:00,12.585,12.6,12.55,12.57725,0,0,2,2,0
20251022 20:18:00,12.5795,12.71,12.56,12.6375,0,0,2,2,2
20251022 20:19:00,12.64,12.68,12.6,12.65998,0,0,2,2,0
20251022 20:20:00,12.67995,12.67995,12.55,12.58202,0,0,2,2,1
20251022 20:21:00,12.55,12.65,12.55,12.579,0,0,2,2,0
20251022 20:22:00,12.558,12.68,12.558,12.64835,0,0,2,2,2
20251022 20:23:00,12.6767,12.6767,12.51,12.57,0,0,2,2,1
20251022 20:24:00,12.57,12.62,12.5108,12.54338,0,0,2,2,0
20251022 20:25:00,12.52135,12.66,12.52135,12.61,0,0,2,2,0
20251022 20:26:00,12.615,12.67,12.54,12.635,0,0,2,2,0
20251022 20:27:00,12.665,12.7,12.65,12.67495,0,0,2,2,0
20251022 20:28:00,12.6749,12.88,12.6749,12.8025,0,0,2,2,2
20251022 20:29:00,12.815,12.88,12.72,12.8001,0,0,2,2,2
20251022 20:30:00,12.8002,12.8002,12.65,12.71,0,0,2,2,0
20251022 20:31:00,12.71,12.88,12.6444,12.7611,0,0,2,2,1
20251022 20:32:00,12.76,12.85,12.72,12.785,0,0,2,2,0
20251022 20:33:00,12.785,12.85,12.785,12.84217,0,0,2,2,0
20251022 20:34:00,12.84935,12.88,12.84935,12.87995,0,0,2,2,2
20251022 20:35:00,12.87995,12.88,12.8,12.84,0,0,2,2,2
20251022 20:36:00,12.84,12.84,12.65,12.6975,0,0,2,2,1
20251022 20:37:00,12.695,12.695,12.65,12.6625,0,0,2,2,1
20251022 20:38:00,12.66,12.76,12.66,12.7225,0,0,2,2,0
20251022 20:39:00,12.715,12.84,12.715,12.785,0,0,2,2,0
20251022 20:40:00,12.785,12.8499,12.73,12.79995,0,0,2,2,2
20251022 20:41:00,12.80995,12.84,12.75,12.785,0,0,2,2,0
20251022 20:42:00,12.775,12.8,12.67,12.7425,0,0,2,2,1
20251022 20:43:00,12.75,12.75,12.71,12.715,0,0,2,2,0
20251022 20:44:00,12.715,12.75,12.715,12.72805,0,0,2,2,0
20251022 20:45:00,12.7211,12.7338,12.7211,12.73095,0,0,2,2,0
20251022 20:46:00,12.73,12.73,12.65,12.71,0,0,2,2,0
20251022 20:47:00,12.73,12.73,12.62,12.63627,0,0,2,2,0
20251022 20:48:00,12.63255,12.66,12.58,12.635,0,0,2,2,1
20251022 20:49:00,12.65,12.65,12.58,12.61,0,0,2,2,0
20251022 20:50:00,12.61,12.63,12.61,12.63,0,0,2,2,0
20251022 20:51:00,12.63,12.63,12.55,12.58,0,0,2,2,1
20251022 20:52:00,12.58,12.59,12.55,12.56017,0,0,2,2,1
20251022 20:53:00,12.55035,12.56,12.55,12.55272,0,0,2,2,1
20251022 20:54:00,12.55045,12.6296,12.55045,12.59973,0,0,2,2,0
20251022 20:55:00,12.5998,12.71,12.57,12.64,0,0,2,2,2
20251022 20:56:00,12.64,12.6986,12.55,12.59465,0,0,2,2,1
20251022 20:57:00,12.565,12.7,12.5511,12.65005,0,0,2,2,0
20251022 20:58:00,12.67455,12.67455,12.5518,12.60295,0,0,2,2,0
20251022 20:59:00,12.605,12.69,12.55,12.61,0,0,2,2,1
20251022 21:00:00,12.6,12.7,12.6,12.67502,0,0,2,2,0
20251022 21:01:00,12.67505,12.7684,12.55,12.6446,0,0,2,2,1
20251022 21:02:00,12.63,12.76,12.56,12.615,0,0,2,2,0
20251022 21:03:00,12.57,12.64,12.57,12.61,0,0,2,2,0
20251022 21:04:00,12.61,12.74,12.61,12.66908,0,0,2,2,0
20251022 21:05:00,12.64815,12.77,12.64815,12.735,0,0,2,2,0
20251022 21:06:00,12.745,12.8699,12.745,12.82245,0,0,2,2,2
20251022 21:07:00,12.83495,12.83495,12.8,12.8,0,0,2,2,0
20251022 21:08:00,12.8,12.8,12.79,12.795,0,0,2,2,0
20251022 21:09:00,12.795,12.795,12.62,12.6825,0,0,2,2,1
20251022 21:10:00,12.66,12.77,12.66,12.7325,0,0,2,2,0
20251022 21:11:00,12.73,12.73,12.62,12.68,0,0,2,2,0
20251022 21:12:00,12.7,12.7,12.61,12.67,0,0,2,2,1
20251022 21:13:00,12.69,12.73,12.6201,12.6755,0,0,2,2,0
20251022 21:14:00,12.67595,12.7,12.61,12.65645,0,0,2,2,1
20251022 21:15:00,12.6579,12.6579,12.65,12.65,0,0,2,2,0
20251022 21:16:00,12.65,12.7,12.65,12.67485,0,0,2,2,0
20251022 21:17:00,12.6747,12.75,12.65,12.7,0,0,2,2,0
20251022 21:18:00,12.7,12.8,12.7,12.76,0,0,2,2,0
20251022 21:19:00,12.76,12.88,12.76,12.83982,0,0,2,2,2
20251022 21:20:00,12.83965,12.83965,12.82,12.82542,0,0,2,2,0
20251022 21:21:00,12.82585,12.83,12.82,12.825,0,0,2,2,0
20251022 21:22:00,12.825,12.83,12.72,12.775,0,0,2,2,0
20251022 21:23:00,12.775,12.824,12.73,12.7995,0,0,2,2,0
20251022 21:24:00,12.822,12.822,12.66,12.74,0,0,2,2,0
20251022 21:25:00,12.74,12.74,12.66,12.69018,0,0,2,2,0
20251022 21:26:00,12.69035,12.72,12.65,12.68513,0,0,2,2,1
20251022 21:27:00,12.68525,12.72,12.6513,12.6831,0,0,2,2,0
20251022 21:28:00,12.68055,12.75,12.67,12.71,0,0,2,2,2
20251022 21:29:00,12.71,12.71,12.65,12.66002,0,0,2,2,1
20251022 21:30:00,12.66005,12.75,12.66005,12.745,0,0,2,2,2
20251022 21:31:00,12.745,12.745,12.65,12.65,0,0,2,2,0
20251022 21:32:00,12.65,12.72,12.62,12.67,0,0,2,2,1
20251022 21:33:00,12.67,12.67,12.62,12.62545,0,0,2,2,0
20251022 21:34:00,12.6259,12.64,12.6259,12.6351,0,0,2,2,0
20251022 21:36:00,12.63505,12.7029,12.57,12.64145,0,0,2,2,0
20251022 21:37:00,12.64645,12.64645,12.55,12.55015,0,0,2,2,0
20251022 21:38:00,12.55015,12.55015,12.5,12.5225,0,0,2,2,1
20251022 21:39:00,12.525,12.71,12.5,12.605,0,0,2,2,1
20251022 21:40:00,12.605,12.605,12.51,12.545,0,0,2,2,0
20251022 21:41:00,12.545,12.58,12.52,12.5375,0,0,2,2,0
20251022 21:42:00,12.525,12.5752,12.52,12.5501,0,0,2,2,0
20251022 21:43:00,12.5526,12.64,12.5526,12.62,0,0,2,2,2
20251022 21:44:00,12.62,12.6293,12.55,12.58965,0,0,2,2,0
20251022 21:45:00,12.58965,12.61,12.56,12.58005,0,0,2,2,0
20251022 21:46:00,12.5751,12.5751,12.57,12.57045,0,0,2,2,0
20251022 21:47:00,12.57045,12.5797,12.57,12.57255,0,0,2,2,0
20251022 21:48:00,12.57025,12.57025,12.57,12.57,0,0,2,2,0
20251022 21:49:00,12.57,12.57,12.53,12.535,0,0,2,2,0
20251022 21:50:00,12.535,12.54,12.53,12.5325,0,0,2,2,0
20251022 21:51:00,12.53,12.53,12.47,12.495,0,0,2,2,0
20251022 21:52:00,12.5,12.5,12.44,12.4724,0,0,2,2,0
20251022 21:53:00,12.4748,12.4748,12.32,12.38242,0,0,2,2,1
20251022 21:54:00,12.38485,12.4931,12.32,12.38612,0,0,2,2,1
20251022 21:55:00,12.3657,12.4,12.3657,12.4,0,0,2,2,0
20251022 21:56:00,12.4,12.5604,12.4,12.4827,0,0,2,2,0
20251022 21:57:00,12.4852,12.5697,12.42,12.49485,0,0,2,2,0
20251022 21:58:00,12.49485,12.5592,12.4,12.4796,0,0,2,2,0
20251022 21:59:00,12.4796,12.6728,12.28,12.4107,0,0,2,2,2
20251022 22:00:00,12.345,12.4,12.25,12.327,0,0,2,2,1
20251022 22:01:00,12.329,12.41,12.329,12.4025,0,0,2,2,0
20251022 22:02:00,12.4,12.41,12.4,12.4051,0,0,2,2,0
20251022 22:03:00,12.4052,12.5,12.4,12.4525,0,0,2,2,2
20251022 22:04:00,12.455,12.455,12.22,12.30955,0,0,2,2,0
20251022 22:05:00,12.30955,12.30955,12.2,12.23,0,0,2,2,1
20251022 22:06:00,12.21,12.31,12.21,12.26485,0,0,2,2,0
20251022 22:07:00,12.26485,12.39,12.21,12.275,0,0,2,2,0
20251022 22:08:00,12.25,12.29,12.2,12.24767,0,0,2,2,1
20251022 22:09:00,12.25035,12.25035,12.24,12.24055,0,0,2,2,0
20251022 22:10:00,12.24015,12.2605,12.24015,12.2605,0,0,2,2,0
20251022 22:11:00,12.2605,12.3,12.26,12.28017,0,0,2,2,0
20251022 22:12:00,12.28035,12.32,12.28035,12.31,0,0,2,2,0
20251022 22:13:00,12.31,12.58,12.31,12.445,0,0,2,2,2
20251022 22:14:00,12.445,12.445,12.37,12.405,0,0,2,2,0
20251022 22:15:00,12.405,12.49,12.405,12.46757,0,0,2,2,0
20251022 22:16:00,12.47015,12.53,12.47015,12.51425,0,0,2,2,0
20251022 22:17:00,12.51425,12.58,12.51425,12.5625,0,0,2,2,0
20251022 22:18:00,12.56,12.6,12.56,12.585,0,0,2,2,0
20251022 22:19:00,12.585,12.71,12.585,12.635,0,0,2,2,2
20251022 22:20:00,12.61,12.7,12.61,12.68498,0,0,2,2,0
20251022 22:21:00,12.68,12.68,12.65,12.665,0,0,2,2,0
20251022 22:22:00,12.665,12.665,12.35,12.4875,0,0,2,2,1
20251022 22:23:00,12.495,12.58,12.38,12.48,0,0,2,2,0
20251022 22:24:00,12.48,12.55,12.38,12.4625,0,0,2,2,0
20251022 22:25:00,12.46,12.52,12.46,12.52,0,0,2,2,0
20251022 22:26:00,12.52,12.52,12.51,12.51145,0,0,2,2,0
20251022 22:27:00,12.51145,12.51145,12.3999,12.43495,0,0,2,2,0
20251022 22:28:00,12.42495,12.5,12.42495,12.47585,0,0,2,2,0
20251022 22:29:00,12.47585,12.58,12.47585,12.58,0,0,2,2,0
20251022 22:30:00,12.58,12.58,12.5,12.505,0,0,2,2,0
20251022 22:31:00,12.505,12.59,12.5,12.545,0,0,2,2,2
20251022 22:32:00,12.545,12.5695,12.51,12.53975,0,0,2,2,0
20251022 22:33:00,12.53975,12.56,12.53975,12.56,0,0,2,2,0
20251022 22:34:00,12.56,12.56,12.5199,12.51998,0,0,2,2,0
20251022 22:35:00,12.52,12.52,12.52,12.52,0,0,2,2,0
20251022 22:36:00,12.52,12.52,12.52,12.52,0,0,2,2,0
20251022 22:37:00,12.52,12.5598,12.52,12.54737,0,0,2,2,0
20251022 22:39:00,12.55485,12.7,12.53,12.615,0,0,2,2,2
20251022 22:40:00,12.615,12.7,12.615,12.6975,0,0,2,2,2
20251022 22:41:00,12.7,12.7,12.6,12.65,0,0,2,2,2
20251022 22:42:00,12.65,12.65,12.56,12.56,0,0,2,2,0
20251022 22:43:00,12.56,12.69,12.56,12.69,0,0,2,2,1
20251022 22:44:00,12.69,12.69,12.6795,12.6841,0,0,2,2,0
20251022 22:45:00,12.6841,12.6841,12.6501,12.66043,0,0,2,2,0
20251022 22:46:00,12.6562,12.6562,12.51,12.5797,0,0,2,2,1
20251022 22:47:00,12.5797,12.6497,12.5107,12.57757,0,0,2,2,0
20251022 22:48:00,12.57495,12.57495,12.5608,12.5608,0,0,2,2,0
20251022 22:49:00,12.5608,12.63,12.5608,12.62712,0,0,2,2,0
20251022 22:50:00,12.62925,12.6384,12.5697,12.60405,0,0,2,2,0
20251022 22:51:00,12.60405,12.60405,12.38,12.47495,0,0,2,2,0
20251022 22:52:00,12.47495,12.47495,12.33,12.34,0,0,2,2,1
20251022 22:53:00,12.34,12.4999,12.34,12.4995,0,0,2,2,0
20251022 22:54:00,12.4995,12.4995,12.4491,12.4491,0,0,2,2,0
20251022 22:55:00,12.4491,12.45,12.4491,12.45,0,0,2,2,0
20251022 22:56:00,12.45,12.4518,12.45,12.45175,0,0,2,2,0
20251022 22:57:00,12.45175,12.45175,12.45,12.45108,0,0,2,2,0
20251022 22:58:00,12.4514,12.49,12.45,12.4604,0,0,2,2,2
20251022 22:59:00,12.4508,12.4895,12.4508,12.46737,0,0,2,2,0
20251022 23:00:00,12.46,12.49,12.46,12.475,0,0,2,2,0
20251022 23:01:00,12.475,12.68,12.475,12.57835,0,0,2,2,0
20251022 23:02:00,12.56585,12.68,12.56585,12.655,0,0,2,2,0
20251022 23:05:00,12.655,12.8,12.63,12.715,0,0,2,2,0
20251022 23:06:00,12.715,12.78,12.68,12.73,0,0,2,2,0
20251022 23:07:00,12.73,12.85,12.7,12.775,0,0,2,2,0
20251022 23:08:00,12.775,12.84,12.775,12.81955,0,0,2,2,0
20251022 23:09:00,12.81985,12.87,12.81,12.84,0,0,2,2,0
20251022 23:10:00,12.84,12.94,12.8049,12.86745,0,0,2,2,0
20251022 23:11:00,12.86245,12.95,12.86245,12.93,0,0,2,2,2
20251022 23:12:00,12.935,12.94,12.9299,12.93497,0,0,2,2,0
20251022 23:13:00,12.935,12.95,12.93,12.9425,0,0,2,2,2
20251022 23:14:00,12.945,12.945,12.9027,12.92317,0,0,2,2,0
20251022 23:15:00,12.925,12.925,12.9,12.9025,0,0,2,2,0
20251022 23:16:00,12.9,12.9,12.81,12.81,0,0,2,2,0
20251022 23:17:00,12.81,12.95,12.8,12.86,0,0,2,2,2
20251022 23:18:00,12.845,12.89,12.81,12.85,0,0,2,2,0
20251022 23:19:00,12.85,12.85,12.69,12.75,0,0,2,2,0
20251022 23:20:00,12.75,12.7741,12.51,12.60853,0,0,2,2,0
20251022 23:21:00,12.575,12.77,12.5,12.57,0,0,2,2,0
20251022 23:22:00,12.505,12.66,12.42,12.56,0,0,2,2,1
20251022 23:23:00,12.58,12.9,12.58,12.895,0,0,2,2,2
20251022 23:24:00,12.895,12.895,12.76,12.76,0,0,2,2,0
20251022 23:25:00,12.76,12.89,12.76,12.79527,0,0,2,2,0
20251022 23:26:00,12.76555,12.76555,12.76,12.76,0,0,2,2,0
20251022 23:28:00,12.76,12.76,12.5112,12.6928,0,0,2,2,1
20251022 23:29:00,12.75,12.75,12.53,12.53,0,0,2,2,0
20251022 23:30:00,12.53,12.7714,12.53,12.6857,0,0,2,2,0
20251022 23:31:00,12.6857,12.8499,12.6857,12.74997,0,0,2,2,2
20251022 23:32:00,12.73,12.78,12.73,12.78,0,0,2,2,0
20251022 23:33:00,12.78,12.8499,12.78,12.81888,0,0,2,2,2
20251022 23:34:00,12.8178,12.8481,12.8,12.82405,0,0,2,2,0
20251022 23:35:00,12.82405,12.82405,12.72,12.74103,0,0,2,2,0
20251022 23:36:00,12.7229,12.7999,12.7229,12.76495,0,0,2,2,0
20251022 23:37:00,12.76495,12.76495,12.64,12.67517,0,0,2,2,1
20251022 23:38:00,12.675,12.8,12.675,12.79915,0,0,2,2,0
20251022 23:39:00,12.79915,12.79915,12.64,12.6876,0,0,2,2,1
20251022 23:40:00,12.65605,12.8,12.65605,12.7652,0,0,2,2,2
20251022 23:41:00,12.795,12.8,12.78,12.79,0,0,2,2,0
20251022 23:42:00,12.79,12.79,12.7801,12.7806,0,0,2,2,0
20251022 23:43:00,12.7806,12.89,12.7806,12.8522,0,0,2,2,0
20251022 23:44:00,12.85935,12.8999,12.67,12.81498,0,0,2,2,1
20251022 23:45:00,12.845,12.889,12.71,12.81975,0,0,2,2,0
20251022 23:46:00,12.84,12.88,12.84,12.87747,0,0,2,2,0
20251022 23:47:00,12.87995,12.87995,12.71,12.71,0,0,2,2,0
20251022 23:48:00,12.71,12.88,12.71,12.825,0,0,2,2,1
20251022 23:49:00,12.825,12.89,12.825,12.8825,0,0,2,2,0
20251022 23:50:00,12.88,12.88,12.85,12.85,0,0,2,2,0
20251022 23:51:00,12.85,12.93,12.8,12.8375,0,0,2,2,2
20251022 23:52:00,12.81,12.9,12.81,12.855,0,0,2,2,0
20251022 23:53:00,12.855,12.855,12.7,12.8025,0,0,2,2,1
20251022 23:54:00,12.83,12.83,12.7422,12.7461,0,0,2,2,0
20251022 23:55:00,12.7461,12.9086,12.7461,12.8343,0,0,2,2,2
20251022 23:56:00,12.8343,12.89,12.77,12.82,0,0,2,2,0
20251022 23:57:00,12.81,12.81,12.76,12.765,0,0,2,2,0
20251022 23:58:00,12.765,12.8989,12.76,12.82973,0,0,2,2,0
20251022 23:59:00,12.83,12.8891,12.76,12.8432,0,0,2,2,0
