20251020 08:05:00,51.74,51.74,51.74,51.74,0,0,2,2,0
20251020 08:07:00,51.74,51.95,51.74,51.94,0,0,2,2,0
20251020 08:09:00,51.94,51.94,51.8,51.87,0,0,2,2,0
20251020 08:10:00,51.87,51.88,51.87,51.88,0,0,2,2,0
20251020 08:11:00,51.88,51.94,51.88,51.94,0,0,2,2,0
20251020 08:13:00,51.94,51.96,51.94,51.95,0,0,2,2,0
20251020 08:14:00,51.95,51.99,51.94,51.965,0,0,2,2,0
20251020 08:15:00,51.965,52.2,51.965,52.085,0,0,2,2,2
20251020 08:16:00,52.07,52.07,51.88,51.945,0,0,2,2,1
20251020 08:17:00,51.945,51.945,51.88,51.88,0,0,2,2,0
20251020 08:18:00,51.88,51.88,51.88,51.88,0,0,2,2,0
20251020 08:19:00,51.88,51.88,51.87,51.8775,0,0,2,2,1
20251020 08:20:00,51.88,51.94,51.88,51.94,0,0,2,2,0
20251020 08:21:00,51.94,51.97,51.94,51.97,0,0,2,2,2
20251020 08:22:00,51.97,51.97,51.8,51.885,0,0,2,2,1
20251020 08:35:00,51.885,51.91,51.84,51.875,0,0,2,2,0
20251020 08:47:00,51.875,51.875,51.84,51.84,0,0,2,2,0
20251020 08:50:00,51.84,51.84,51.56,51.56,0,0,2,2,0
20251020 09:01:00,51.56,51.56,51.55,51.55,0,0,2,2,1
20251020 09:16:00,51.55,51.6,51.55,51.575,0,0,2,2,1
20251020 09:18:00,51.575,51.575,51.57,51.57,0,0,2,2,0
20251020 09:28:00,51.57,51.62,51.57,51.62,0,0,2,2,2
20251020 09:30:00,51.62,51.62,51.48,51.48,0,0,2,2,1
20251020 09:34:00,51.48,51.5,51.48,51.5,0,0,2,2,1
20251020 09:35:00,51.5,51.5,51.5,51.5,0,0,2,2,0
20251020 09:41:00,51.5,51.5,51.5,51.5,0,0,2,2,0
20251020 10:06:00,51.5,51.5,51.2,51.2,0,0,2,2,2
20251020 10:20:00,51.2,51.2,51.06,51.06,0,0,2,2,0
20251020 10:29:00,51.06,51.39,51.06,51.39,0,0,2,2,0
20251020 10:33:00,51.39,51.39,50.99,51.175,0,0,2,2,1
20251020 10:43:00,51.175,51.175,51.12,51.13,0,0,2,2,0
20251020 10:45:00,51.13,51.13,51.1,51.1,0,0,2,2,0
20251020 10:49:00,51.1,51.1,51,51,0,0,2,2,0
20251020 10:53:00,51,51,51,51,0,0,2,2,1
20251020 10:56:00,51,51,51,51,0,0,2,2,1
20251020 10:58:00,51,51.29,51,51.145,0,0,2,2,1
20251020 10:59:00,51.145,51.29,51.145,51.29,0,0,2,2,0
20251020 11:03:00,51.29,51.29,51.06,51.06,0,0,2,2,0
20251020 11:04:00,51.06,51.35,51.06,51.285,0,0,2,2,0
20251020 11:07:00,51.305,51.36,51.305,51.35,0,0,2,2,2
20251020 11:10:00,51.35,51.35,51.34,51.34,0,0,2,2,0
20251020 11:11:00,51.34,51.34,51.34,51.34,0,0,2,2,0
20251020 11:12:00,51.34,51.34,51.33,51.33,0,0,2,2,0
20251020 11:20:00,51.33,51.41,51.33,51.405,0,0,2,2,1
20251020 11:22:00,51.405,51.5,51.405,51.495,0,0,2,2,2
20251020 11:23:00,51.495,51.495,51.42,51.42,0,0,2,2,0
20251020 11:24:00,51.42,51.5,51.42,51.5,0,0,2,2,2
20251020 11:29:00,51.5,51.5,51.38,51.39,0,0,2,2,2
20251020 11:36:00,51.39,51.39,51.36,51.37,0,0,2,2,0
20251020 11:38:00,51.37,51.37,51.37,51.37,0,0,2,2,0
20251020 11:41:00,51.37,51.37,51.01,51.065,0,0,2,2,0
20251020 11:42:00,51.065,51.1,51.05,51.075,0,0,2,2,0
20251020 11:43:00,51.075,51.1,50.99,51.025,0,0,2,2,0
20251020 11:44:00,51.005,51.005,50.98,50.985,0,0,2,2,1
20251020 11:45:00,50.985,51.15,50.985,51.07,0,0,2,2,0
20251020 11:59:00,51.07,51.33,51.07,51.33,0,0,2,2,0
20251020 12:00:00,51.33,52,50.85,51.3375,0,0,2,2,1
20251020 12:01:00,51.25,51.89,51.25,51.5225,0,0,2,2,0
20251020 12:02:00,51.425,52,51.35,51.6125,0,0,2,2,2
20251020 12:03:00,51.55,51.75,51.55,51.745,0,0,2,2,0
20251020 12:04:00,51.745,51.745,51.3,51.425,0,0,2,2,0
20251020 12:05:00,51.445,51.55,51.445,51.55,0,0,2,2,0
20251020 12:08:00,51.55,51.75,51.55,51.75,0,0,2,2,2
20251020 12:09:00,51.75,51.75,51.5,51.625,0,0,2,2,2
20251020 12:10:00,51.625,51.7499,51.625,51.7499,0,0,2,2,0
20251020 12:11:00,51.7499,51.75,51.7,51.7247,0,0,2,2,0
20251020 12:12:00,51.7244,51.84,51.6,51.72,0,0,2,2,0
20251020 12:14:00,51.72,51.99,51.72,51.99,0,0,2,2,2
20251020 12:17:00,51.99,51.99,51.71,51.9125,0,0,2,2,2
20251020 12:18:00,51.98,51.98,51.71,51.8256,0,0,2,2,0
20251020 12:19:00,51.8256,51.8256,51.7,51.705,0,0,2,2,0
20251020 12:20:00,51.705,51.98,51.705,51.89,0,0,2,2,0
20251020 12:21:00,51.89,51.89,51.61,51.705,0,0,2,2,0
20251020 12:22:00,51.705,51.8,51.705,51.78195,0,0,2,2,0
20251020 12:23:00,51.795,51.795,51.6,51.6,0,0,2,2,1
20251020 12:24:00,51.6,51.6001,51.6,51.6001,0,0,2,2,1
20251020 12:25:00,51.6001,51.8,51.6001,51.705,0,0,2,2,2
20251020 12:26:00,51.705,51.79,51.705,51.755,0,0,2,2,0
20251020 12:27:00,51.755,51.755,51.55,51.55,0,0,2,2,1
20251020 12:28:00,51.55,51.8,51.55,51.8,0,0,2,2,1
20251020 12:29:00,51.8,51.8,51.79,51.79,0,0,2,2,2
20251020 12:31:00,51.79,51.8,51.73,51.765,0,0,2,2,2
20251020 12:32:00,51.765,51.8,51.71,51.7775,0,0,2,2,0
20251020 12:33:00,51.8,51.8,51.7494,51.7497,0,0,2,2,0
20251020 12:34:00,51.7497,51.86,51.62,51.7625,0,0,2,2,1
20251020 12:35:00,51.785,52,51.785,51.91,0,0,2,2,0
20251020 12:36:00,51.91,52.2,51.91,52.055,0,0,2,2,2
20251020 12:37:00,52.01,52.2,52.01,52.195,0,0,2,2,2
20251020 12:38:00,52.195,52.195,52.19,52.19,0,0,2,2,0
20251020 12:39:00,52.19,52.19,52,52.0975,0,0,2,2,0
20251020 12:40:00,52.12,52.12,52.11,52.11,0,0,2,2,0
20251020 12:41:00,52.11,52.15,51.52,51.81,0,0,2,2,1
20251020 12:42:00,51.785,51.785,51.6739,51.6739,0,0,2,2,0
20251020 12:43:00,51.6739,51.6739,51.52,51.52,0,0,2,2,1
20251020 12:44:00,51.52,52.14,51.52,52.055,0,0,2,2,1
20251020 12:45:00,52.055,52.055,51.9812,51.9856,0,0,2,2,0
20251020 12:46:00,51.9856,51.9856,51.82,51.82,0,0,2,2,0
20251020 12:47:00,51.82,51.84,51.82,51.84,0,0,2,2,0
20251020 12:48:00,51.84,52,51.84,52,0,0,2,2,0
20251020 12:49:00,52,52.1385,52,52.11925,0,0,2,2,2
20251020 12:50:00,52.11925,52.11925,52.1,52.1,0,0,2,2,0
20251020 12:51:00,52.1,52.1,52.09,52.09,0,0,2,2,0
20251020 12:52:00,52.09,52.09,51.94,51.995,0,0,2,2,1
20251020 12:54:00,51.995,52.14,51.995,52.105,0,0,2,2,2
20251020 12:56:00,52.115,52.14,52.115,52.13175,0,0,2,2,2
20251020 12:57:00,52.13175,52.1399,52.13175,52.1399,0,0,2,2,0
20251020 12:58:00,52.1399,52.14,52,52.07,0,0,2,2,2
20251020 12:59:00,52.07,52.14,52,52.07,0,0,2,2,1
20251020 13:01:00,52.07,52.1,52,52.05,0,0,2,2,1
20251020 13:02:00,52.05,52.06,52.05,52.055,0,0,2,2,0
20251020 13:03:00,52.055,52.1,52.0017,52.06042,0,0,2,2,0
20251020 13:04:00,52.07,52.09,52,52.035,0,0,2,2,0
20251020 13:05:00,52.025,52.025,51.9,51.94,0,0,2,2,0
20251020 13:06:00,51.92,51.92,51.82,51.86,0,0,2,2,0
20251020 13:07:00,51.865,51.97,51.82,51.895,0,0,2,2,0
20251020 13:08:00,51.895,51.8985,51.81,51.84962,0,0,2,2,0
20251020 13:09:00,51.845,51.8989,51.75,51.81223,0,0,2,2,0
20251020 13:10:00,51.8,51.8,51.52,51.635,0,0,2,2,1
20251020 13:11:00,51.635,51.7,51.55,51.625,0,0,2,2,0
20251020 13:12:00,51.625,51.625,51.57,51.57,0,0,2,2,0
20251020 13:13:00,51.57,51.6495,51.57,51.6495,0,0,2,2,0
20251020 13:14:00,51.6495,51.7,51.3,51.455,0,0,2,2,1
20251020 13:15:00,51.41,51.43,51.41,51.43,0,0,2,2,0
20251020 13:16:00,51.43,51.6799,51.43,51.6799,0,0,2,2,0
20251020 13:17:00,51.6799,51.68,51.6799,51.68,0,0,2,2,0
20251020 13:18:00,51.68,51.68,51.3,51.4825,0,0,2,2,1
20251020 13:20:00,51.48,51.48,51.3538,51.3538,0,0,2,2,0
20251020 13:21:00,51.3538,51.55,51.3538,51.55,0,0,2,2,0
20251020 13:22:00,51.55,51.93,51.55,51.84,0,0,2,2,2
20251020 13:23:00,51.84,51.93,51.55,51.74,0,0,2,2,0
20251020 13:24:00,51.74,51.92,51.3,51.455,0,0,2,2,1
20251020 13:25:00,51.3,52.05,51.3,51.7625,0,0,2,2,1
20251020 13:26:00,51.82,51.97,51.82,51.95,0,0,2,2,0
20251020 13:27:00,51.95,52.15,51.8,52.02,0,0,2,2,0
20251020 13:28:00,52.065,52.2,51.3,51.755,0,0,2,2,0
20251020 13:29:00,51.76,52.5,51.76,52.25,0,0,2,2,2
20251020 13:30:00,52.25,52.32,49.85,51,383910,0,2,2,0
20251020 13:31:00,50.915,50.915,49.695,50.13622,43818,0,2,2,1
20251020 13:32:00,50.165,50.69,49.88,50.3144,58471,0,2,2,0
20251020 13:33:00,50.3438,50.3438,49.725,50.065,41082,0,2,2,0
20251020 13:34:00,50.1475,50.81,49.9,50.41,58585,0,2,2,0
20251020 13:35:00,50.465,51.04,50.465,50.7869,37224,0,2,2,2
20251020 13:36:00,50.8025,51.01,50.46,50.81125,32197,0,2,2,0
20251020 13:37:00,50.8875,51,50.55,50.77875,24098,0,2,2,0
20251020 13:38:00,50.7825,50.9162,50.693,50.7798,21814,0,2,2,0
20251020 13:39:00,50.755,50.93,50.41,50.6575,29843,0,2,2,0
20251020 13:40:00,50.645,50.86,50.41,50.5675,41914,0,2,2,0
20251020 13:41:00,50.5,50.525,50.26,50.38375,44127,0,2,2,0
20251020 13:42:00,50.375,50.375,49.89,50.0475,28826,0,2,2,1
20251020 13:43:00,50.055,50.1652,49.92,50.0363,20911,0,2,2,0
20251020 13:44:00,50.03,50.29,50.02,50.15493,15013,0,2,2,0
20251020 13:45:00,50.15485,50.7499,50.13,50.43873,58405,0,2,2,2
20251020 13:46:00,50.4375,50.7499,50.31,50.49622,43992,0,2,2,2
20251020 13:47:00,50.4625,50.4625,50.04,50.24751,36401,0,2,2,0
20251020 13:48:00,50.31,50.46,50.23,50.3275,18372,0,2,2,0
20251020 13:49:00,50.31,50.4199,50.09,50.27035,15707,0,2,2,0
20251020 13:50:00,50.28575,50.37,50.15,50.30375,24073,0,2,2,0
20251020 13:51:00,50.3475,50.45,50.2,50.33,19662,0,2,2,0
20251020 13:52:00,50.335,50.426,50.2,50.3415,17089,0,2,2,0
20251020 13:53:00,50.37,50.5,50.22,50.4039,21914,0,2,2,0
20251020 13:54:00,50.4478,50.61,50.22,50.43785,26189,0,2,2,2
20251020 13:55:00,50.4607,50.54,50,50.23625,20329,0,2,2,0
20251020 13:56:00,50.2025,50.2025,49.89,50.0175,61256,0,2,2,0
20251020 13:57:00,50.01,50.025,49.86,49.97,33735,0,2,2,0
20251020 13:58:00,49.9975,50.215,49.85,50.055,19152,0,2,2,1
20251020 13:59:00,50.0775,50.25,49.95,50.15125,17230,0,2,2,0
20251020 14:00:00,50.2025,50.35,50.06,50.165,30216,0,2,2,2
20251020 14:01:00,50.125,50.15,50.04,50.08,13731,0,2,2,0
20251020 14:02:00,50.065,50.14,49.92,50.03,24411,0,2,2,0
20251020 14:03:00,50.03,50.03,49.79,49.87,16846,0,2,2,0
20251020 14:04:00,49.87,49.87,49.5,49.64145,20868,0,2,2,0
20251020 14:05:00,49.6229,49.775,49.51,49.59125,61510,0,2,2,0
20251020 14:06:00,49.54,49.68,49.47,49.61,67785,0,2,2,1
20251020 14:07:00,49.645,50.07,49.64,49.86875,17013,0,2,2,0
20251020 14:08:00,49.8825,50.26,49.8825,50.085,21214,0,2,2,2
20251020 14:09:00,50.03,50.08,49.93,50.01,19137,0,2,2,0
20251020 14:10:00,50.015,50.05,49.84,49.98,9724,0,2,2,0
20251020 14:11:00,50.015,50.02,49.79,49.96,16450,0,2,2,0
20251020 14:12:00,50.015,50.17,49.985,50.04125,13775,0,2,2,2
20251020 14:13:00,50.005,50.04,49.75,49.94063,17520,0,2,2,1
20251020 14:14:00,49.98625,49.98625,49.86,49.9425,14536,0,2,2,0
20251020 14:15:00,49.965,49.98,49.8,49.885,14129,0,2,2,0
20251020 14:16:00,49.88,49.88,49.58,49.71973,13235,0,2,2,0
20251020 14:17:00,49.755,49.755,49.4,49.59845,18013,0,2,2,1
20251020 14:18:00,49.6225,49.67,49.48,49.57375,18642,0,2,2,0
20251020 14:19:00,49.5725,49.7408,49.53,49.6527,18429,0,2,2,0
20251020 14:20:00,49.67,49.77,49.61,49.6825,9771,0,2,2,0
20251020 14:21:00,49.675,49.91,49.675,49.75,13409,0,2,2,0
20251020 14:22:00,49.7,49.795,49.52,49.69125,13830,0,2,2,1
20251020 14:23:00,49.725,49.95,49.65,49.78375,14269,0,2,2,0
20251020 14:24:00,49.7675,49.91,49.7,49.77625,10547,0,2,2,0
20251020 14:25:00,49.7475,50.02,49.72,49.88,16131,0,2,2,0
20251020 14:26:00,49.89,50.115,49.89,50.03463,13629,0,2,2,0
20251020 14:27:00,50.0375,50.2585,50.0375,50.14463,14926,0,2,2,0
20251020 14:28:00,50.135,50.45,50.135,50.3249,20720,0,2,2,0
20251020 14:29:00,50.3248,50.47,50.31,50.38375,19057,0,2,2,0
20251020 14:30:00,50.3775,50.41,50.29,50.3425,6213,0,2,2,0
20251020 14:31:00,50.335,50.5,50.22,50.36,8037,0,2,2,0
20251020 14:32:00,50.36,50.59,50.36,50.49287,27534,0,2,2,2
20251020 14:33:00,50.485,50.505,50.42,50.46777,5468,0,2,2,0
20251020 14:34:00,50.47305,50.53,50.38,50.4425,12180,0,2,2,0
20251020 14:35:00,50.43,50.66,50.41,50.51,26695,0,2,2,0
20251020 14:36:00,50.485,50.75,50.485,50.65875,17322,0,2,2,2
20251020 14:37:00,50.655,50.745,50.58,50.6675,6943,0,2,2,0
20251020 14:38:00,50.6725,50.73,50.5,50.6525,15748,0,2,2,0
20251020 14:39:00,50.69,50.88,50.69,50.80247,9841,0,2,2,0
20251020 14:40:00,50.8153,50.94,50.8,50.8725,9226,0,2,2,0
20251020 14:41:00,50.875,51.04,50.84,50.94625,21037,0,2,2,0
20251020 14:42:00,50.9525,51.0999,50.8778,50.98505,16020,0,2,2,2
20251020 14:43:00,50.98125,51.06,50.83,50.9375,17627,0,2,2,0
20251020 14:44:00,50.93,51.05,50.93,50.99875,6586,0,2,2,0
20251020 14:45:00,50.9975,51.05,50.9975,51.03783,3465,0,2,2,0
20251020 14:46:00,51.03565,51.43,51.03565,51.34398,30607,0,2,2,0
20251020 14:47:00,51.33895,51.525,51.33895,51.4475,6924,0,2,2,0
20251020 14:48:00,51.4625,51.5413,51.3301,51.4391,10226,0,2,2,2
20251020 14:49:00,51.4425,51.4425,51.31,51.35873,6137,0,2,2,0
20251020 14:50:00,51.3525,51.42,51.24,51.3525,14207,0,2,2,1
20251020 14:51:00,51.375,51.4196,51.26,51.34327,10069,0,2,2,0
20251020 14:52:00,51.34675,51.49,51.34675,51.40285,11018,0,2,2,0
20251020 14:53:00,51.37435,51.64,51.34,51.49082,49667,0,2,2,0
20251020 14:54:00,51.49165,51.749,51.49165,51.62725,34595,0,2,2,0
20251020 14:55:00,51.63,51.7513,51.4198,51.58028,26339,0,2,2,2
20251020 14:56:00,51.575,51.59,51.36,51.47,14744,0,2,2,0
20251020 14:57:00,51.465,51.64,51.465,51.55073,13003,0,2,2,0
20251020 14:58:00,51.53645,51.7,51.53645,51.642,12109,0,2,2,0
20251020 14:59:00,51.65495,51.7,51.57,51.64875,23778,0,2,2,0
20251020 15:00:00,51.6625,51.7,51.54,51.64638,15172,0,2,2,0
20251020 15:01:00,51.67275,51.7999,51.62,51.68862,15131,0,2,2,0
20251020 15:02:00,51.6673,51.87,51.665,51.76,14589,0,2,2,0
20251020 15:03:00,51.7525,51.89,51.7525,51.85475,10439,0,2,2,0
20251020 15:04:00,51.87225,51.94,51.81,51.86375,28870,0,2,2,2
20251020 15:05:00,51.8525,51.94,51.68,51.7834,15559,0,2,2,2
20251020 15:06:00,51.7568,51.88,51.72,51.7925,27796,0,2,2,0
20251020 15:07:00,51.785,51.88,51.7432,51.81287,12633,0,2,2,0
20251020 15:08:00,51.81415,51.85,51.71,51.78625,14158,0,2,2,0
20251020 15:09:00,51.7925,51.86,51.71,51.80625,9096,0,2,2,1
20251020 15:10:00,51.8275,51.83,51.73,51.775,18328,0,2,2,0
20251020 15:11:00,51.77,51.91,51.77,51.84,7881,0,2,2,0
20251020 15:12:00,51.84,51.915,51.8,51.84,11096,0,2,2,0
20251020 15:13:00,51.8225,51.9365,51.8225,51.89817,14223,0,2,2,2
20251020 15:14:00,51.9081,51.9081,51.69,51.81,11935,0,2,2,0
20251020 15:15:00,51.8275,51.8275,51.54,51.6575,15294,0,2,2,1
20251020 15:16:00,51.68,51.68,51.585,51.61,12079,0,2,2,0
20251020 15:17:00,51.5975,51.665,51.5492,51.6223,6009,0,2,2,0
20251020 15:18:00,51.6375,51.905,51.6375,51.77502,16261,0,2,2,0
20251020 15:19:00,51.7775,51.95,51.7603,51.84015,11871,0,2,2,2
20251020 15:20:00,51.82515,51.865,51.791,51.8315,4516,0,2,2,0
20251020 15:21:00,51.835,51.835,51.73,51.7925,7856,0,2,2,0
20251020 15:22:00,51.81,51.94,51.7693,51.84727,6410,0,2,2,0
20251020 15:23:00,51.8399,51.8399,51.66,51.7175,8305,0,2,2,0
20251020 15:24:00,51.725,51.78,51.725,51.75875,4121,0,2,2,0
20251020 15:25:00,51.765,51.765,51.64,51.715,10057,0,2,2,0
20251020 15:26:00,51.7325,51.77,51.71,51.735,13136,0,2,2,0
20251020 15:27:00,51.73,51.77,51.6337,51.71093,13805,0,2,2,1
20251020 15:28:00,51.72,51.89,51.69,51.79625,13561,0,2,2,0
20251020 15:29:00,51.8025,51.95,51.7707,51.84518,35457,0,2,2,2
20251020 15:30:00,51.83,51.83,51.7005,51.74887,16106,0,2,2,0
20251020 15:31:00,51.7475,51.75,51.49,51.6125,12812,0,2,2,0
20251020 15:32:00,51.605,51.605,51.33,51.47048,14958,0,2,2,1
20251020 15:33:00,51.49095,51.615,51.49095,51.55875,13240,0,2,2,0
20251020 15:34:00,51.5575,51.78,51.5575,51.6875,10411,0,2,2,0
20251020 15:35:00,51.68,51.87,51.68,51.7975,37318,0,2,2,0
20251020 15:36:00,51.81,51.94,51.77,51.83,11252,0,2,2,2
20251020 15:37:00,51.805,51.83,51.655,51.75375,9846,0,2,2,0
20251020 15:38:00,51.765,51.85,51.71,51.7975,7060,0,2,2,0
20251020 15:39:00,51.815,51.925,51.815,51.8734,5363,0,2,2,0
20251020 15:40:00,51.8718,51.94,51.79,51.8625,10163,0,2,2,2
20251020 15:41:00,51.86,51.86,51.6301,51.71812,4099,0,2,2,0
20251020 15:42:00,51.7312,51.8,51.61,51.71,8274,0,2,2,1
20251020 15:43:00,51.715,51.86,51.715,51.7825,8475,0,2,2,0
20251020 15:44:00,51.775,51.84,51.775,51.8144,5990,0,2,2,0
20251020 15:45:00,51.8138,51.8138,51.65,51.73688,6842,0,2,2,0
20251020 15:46:00,51.74875,51.7725,51.66,51.72188,4630,0,2,2,0
20251020 15:47:00,51.7275,51.86,51.7275,51.7975,5555,0,2,2,0
20251020 15:48:00,51.795,51.9696,51.795,51.9024,20128,0,2,2,0
20251020 15:49:00,51.895,52,51.895,51.95675,8212,0,2,2,0
20251020 15:50:00,51.9585,52.09,51.9585,52.02625,14176,0,2,2,0
20251020 15:51:00,52.0225,52.2,52.0225,52.1075,207281,0,2,2,2
20251020 15:52:00,52.09,52.17,51.52,51.9075,30391,0,2,2,1
20251020 15:53:00,51.97,51.97,51.5901,51.70378,5968,0,2,2,0
20251020 15:54:00,51.7225,51.845,51.62,51.7375,8564,0,2,2,0
20251020 15:55:00,51.7425,51.745,51.56,51.64125,9090,0,2,2,0
20251020 15:56:00,51.63,51.63,51.46,51.5725,5241,0,2,2,1
20251020 15:57:00,51.6,51.6,51.49,51.5225,8198,0,2,2,0
20251020 15:58:00,51.505,51.6,51.49,51.54375,5171,0,2,2,0
20251020 15:59:00,51.5425,51.6784,51.5419,51.61008,23366,0,2,2,2
20251020 16:00:00,51.61,51.645,51.44,51.55003,11631,0,2,2,0
20251020 16:01:00,51.55755,51.55755,51.38,51.45875,5697,0,2,2,0
20251020 16:02:00,51.46,51.5199,51.315,51.41748,11354,0,2,2,1
20251020 16:03:00,51.4175,51.53,51.38,51.4425,19568,0,2,2,0
20251020 16:04:00,51.43,51.47,51.35,51.4055,8892,0,2,2,0
20251020 16:05:00,51.401,51.57,51.401,51.51253,6265,0,2,2,0
20251020 16:06:00,51.52,51.6079,51.29,51.44823,6440,0,2,2,1
20251020 16:07:00,51.4475,51.48,51.3401,51.3994,8250,0,2,2,0
20251020 16:08:00,51.38875,51.46,51.3357,51.39785,4405,0,2,2,0
20251020 16:09:00,51.39785,51.5699,51.39785,51.4792,7854,0,2,2,0
20251020 16:10:00,51.46445,51.52,51.42,51.472,11629,0,2,2,0
20251020 16:11:00,51.474,51.555,51.42,51.5025,8324,0,2,2,0
20251020 16:12:00,51.5175,51.55,51.41,51.5,4749,0,2,2,0
20251020 16:13:00,51.52,51.52,51.1505,51.31638,8026,0,2,2,1
20251020 16:14:00,51.3325,51.3325,51.1538,51.22095,4571,0,2,2,0
20251020 16:15:00,51.2225,51.31,51.1575,51.22125,6592,0,2,2,0
20251020 16:16:00,51.20875,51.33,51.13,51.22,4222,0,2,2,1
20251020 16:17:00,51.21,51.33,51.21,51.2775,6291,0,2,2,0
20251020 16:18:00,51.28,51.44,51.25,51.3575,5741,0,2,2,2
20251020 16:19:00,51.37,51.44,51.37,51.405,3095,0,2,2,2
20251020 16:20:00,51.405,51.405,51.2,51.30125,6908,0,2,2,0
20251020 16:21:00,51.3075,51.3075,51.14,51.18,6968,0,2,2,0
20251020 16:22:00,51.17,51.17,51.1,51.13,6040,0,2,2,0
20251020 16:23:00,51.125,51.205,51.07,51.15375,6817,0,2,2,0
20251020 16:24:00,51.17,51.17,50.88,51.02125,11252,0,2,2,1
20251020 16:25:00,51.05,51.08,50.9001,51.00628,19879,0,2,2,0
20251020 16:26:00,51.0225,51.25,51.0225,51.16473,6659,0,2,2,0
20251020 16:27:00,51.165,51.33,51.16,51.24625,4889,0,2,2,2
20251020 16:28:00,51.2475,51.285,51.01,51.155,14356,0,2,2,0
20251020 16:29:00,51.1625,51.1625,50.89,50.9342,4432,0,2,2,0
20251020 16:30:00,50.93,50.955,50.708,50.82325,17663,0,2,2,0
20251020 16:31:00,50.815,50.815,50.67,50.74125,9427,0,2,2,0
20251020 16:32:00,50.7525,50.7525,50.66,50.7025,6312,0,2,2,0
20251020 16:33:00,50.7,50.71,50.59,50.6652,10337,0,2,2,0
20251020 16:34:00,50.6804,50.71,50.6,50.66715,11151,0,2,2,0
20251020 16:35:00,50.6793,50.7,50.41,50.58,31150,0,2,2,1
20251020 16:36:00,50.605,50.605,50.445,50.5175,10408,0,2,2,0
20251020 16:37:00,50.52,50.52,50.43,50.46125,10342,0,2,2,0
20251020 16:38:00,50.46,50.46,50.34,50.42,6627,0,2,2,0
20251020 16:39:00,50.44,50.5,50.32,50.405,16610,0,2,2,1
20251020 16:40:00,50.4,50.6399,50.39,50.49747,14033,0,2,2,0
20251020 16:41:00,50.48,50.5871,50.45,50.51302,7921,0,2,2,0
20251020 16:42:00,50.5075,50.67,50.45,50.55497,11721,0,2,2,2
20251020 16:43:00,50.54995,50.55,50.315,50.44125,9321,0,2,2,0
20251020 16:44:00,50.45,50.45,50.3,50.3475,5474,0,2,2,0
20251020 16:45:00,50.35,50.39,50.1796,50.2999,23818,0,2,2,0
20251020 16:46:00,50.315,50.315,50.09,50.1675,6431,0,2,2,1
20251020 16:47:00,50.1925,50.21,50.1,50.17875,8272,0,2,2,0
20251020 16:48:00,50.2025,50.21,50.09,50.16,14978,0,2,2,1
20251020 16:49:00,50.17,50.25,50.135,50.20375,5153,0,2,2,0
20251020 16:50:00,50.215,50.33,50.215,50.265,9274,0,2,2,0
20251020 16:51:00,50.245,50.32,50.18,50.24002,11593,0,2,2,0
20251020 16:52:00,50.23005,50.36,50.22,50.3,5143,0,2,2,0
20251020 16:53:00,50.31,50.41,50.27,50.33228,10362,0,2,2,2
20251020 16:54:00,50.32455,50.32455,50.14,50.23,8876,0,2,2,1
20251020 16:55:00,50.2575,50.37,50.2,50.27735,12159,0,2,2,0
20251020 16:56:00,50.2697,50.53,50.2697,50.4223,11139,0,2,2,0
20251020 16:57:00,50.4223,50.5906,50.4223,50.51514,8275,0,2,2,0
20251020 16:58:00,50.505,50.64,50.505,50.5775,8477,0,2,2,2
20251020 16:59:00,50.58,50.59,50.5,50.555,4740,0,2,2,0
20251020 17:00:00,50.565,50.609,50.52,50.55225,10167,0,2,2,0
20251020 17:01:00,50.54,50.62,50.445,50.50875,9763,0,2,2,0
20251020 17:02:00,50.485,50.485,50.36,50.425,9341,0,2,2,0
20251020 17:03:00,50.44,50.46,50.39,50.4325,6130,0,2,2,0
20251020 17:04:00,50.44,50.46,50.34,50.43,21311,0,2,2,0
20251020 17:05:00,50.46,50.49,50.33,50.41,3614,0,2,2,1
20251020 17:06:00,50.41,50.635,50.36,50.515,7071,0,2,2,2
20251020 17:07:00,50.5325,50.6,50.51,50.555,12279,0,2,2,0
20251020 17:08:00,50.555,50.555,50.43,50.49438,2386,0,2,2,0
20251020 17:09:00,50.50125,50.75,50.42,50.57412,29829,0,2,2,2
20251020 17:10:00,50.56325,50.64,50.56325,50.59003,6955,0,2,2,0
20251020 17:11:00,50.57505,50.69,50.54,50.61,15294,0,2,2,0
20251020 17:12:00,50.605,50.605,50.3405,50.48513,17485,0,2,2,0
20251020 17:13:00,50.525,50.525,50.34,50.42,5009,0,2,2,0
20251020 17:14:00,50.42,50.42,50.33,50.36,18025,0,2,2,1
20251020 17:15:00,50.345,50.44,50.345,50.415,7017,0,2,2,0
20251020 17:16:00,50.415,50.5,50.36,50.455,19033,0,2,2,0
20251020 17:17:00,50.48,50.55,50.48,50.5125,7339,0,2,2,0
20251020 17:18:00,50.505,50.61,50.505,50.5575,9095,0,2,2,0
20251020 17:19:00,50.5475,50.62,50.45,50.5475,7074,0,2,2,2
20251020 17:20:00,50.56,50.56,50.2453,50.41132,31019,0,2,2,1
20251020 17:21:00,50.43,50.43,50.25,50.29237,7633,0,2,2,0
20251020 17:22:00,50.28975,50.36,50.25,50.295,4471,0,2,2,0
20251020 17:23:00,50.285,50.285,50.12,50.2225,13598,0,2,2,1
20251020 17:24:00,50.25,50.43,50.2,50.3275,6613,0,2,2,0
20251020 17:25:00,50.34,50.42,50.32,50.375,5629,0,2,2,0
20251020 17:26:00,50.38,50.45,50.285,50.35875,21075,0,2,2,0
20251020 17:27:00,50.35,50.54,50.32,50.43625,17538,0,2,2,0
20251020 17:28:00,50.4425,50.695,50.4425,50.58645,9610,0,2,2,0
20251020 17:29:00,50.5754,50.75,50.5754,50.695,7523,0,2,2,0
20251020 17:30:00,50.685,50.81,50.64,50.7075,9047,0,2,2,0
20251020 17:31:00,50.69,50.87,50.65,50.76625,8675,0,2,2,2
20251020 17:32:00,50.7725,50.81,50.64,50.755,11110,0,2,2,0
20251020 17:33:00,50.785,50.81,50.72,50.7525,4323,0,2,2,0
20251020 17:34:00,50.74,50.77,50.66,50.71375,5405,0,2,2,0
20251020 17:35:00,50.7125,50.84,50.66,50.76,5561,0,2,2,0
20251020 17:36:00,50.77,50.85,50.73,50.7925,5009,0,2,2,2
20251020 17:37:00,50.795,50.795,50.55,50.65,8232,0,2,2,0
20251020 17:38:00,50.65,50.69,50.58,50.6225,13489,0,2,2,0
20251020 17:39:00,50.61,50.61,50.44,50.5275,4242,0,2,2,0
20251020 17:40:00,50.545,50.545,50.4,50.4825,4819,0,2,2,1
20251020 17:41:00,50.5,50.5,50.43,50.47,6797,0,2,2,0
20251020 17:42:00,50.48,50.485,50.44,50.46375,4264,0,2,2,0
20251020 17:43:00,50.465,50.52,50.42,50.46625,5561,0,2,2,0
20251020 17:44:00,50.4625,50.54,50.4625,50.5125,11571,0,2,2,0
20251020 17:45:00,50.505,50.68,50.35,50.55125,25764,0,2,2,1
20251020 17:46:00,50.5875,50.76,50.5875,50.6975,6792,0,2,2,0
20251020 17:47:00,50.685,50.79,50.66,50.69875,8407,0,2,2,0
20251020 17:48:00,50.6725,50.87,50.6725,50.75,11624,0,2,2,2
20251020 17:49:00,50.7225,50.74,50.67,50.71375,8526,0,2,2,0
20251020 17:50:00,50.7225,50.81,50.68,50.7425,6696,0,2,2,0
20251020 17:51:00,50.74,50.74,50.66,50.7025,14804,0,2,2,0
20251020 17:52:00,50.705,50.73,50.55,50.66,5847,0,2,2,0
20251020 17:53:00,50.68,50.68,50.58,50.6075,4024,0,2,2,0
20251020 17:54:00,50.595,50.595,50.5,50.54,2869,0,2,2,0
20251020 17:55:00,50.54,50.7,50.46,50.5975,14150,0,2,2,1
20251020 17:56:00,50.615,50.77,50.615,50.71125,5529,0,2,2,0
20251020 17:57:00,50.7175,50.76,50.705,50.74125,3869,0,2,2,0
20251020 17:58:00,50.75,50.83,50.675,50.77375,4721,0,2,2,0
20251020 17:59:00,50.795,50.92,50.72,50.8125,14632,0,2,2,0
20251020 18:00:00,50.805,50.941,50.625,50.783,6236,0,2,2,2
20251020 18:01:00,50.783,50.783,50.51,50.58,8509,0,2,2,0
20251020 18:02:00,50.5925,50.5925,50.4,50.4384,1989,0,2,2,1
20251020 18:03:00,50.43,50.67,50.43,50.55125,11149,0,2,2,0
20251020 18:04:00,50.5525,50.755,50.5525,50.68375,13960,0,2,2,0
20251020 18:05:00,50.675,50.86,50.66,50.76,15923,0,2,2,2
20251020 18:06:00,50.76,50.79,50.67,50.73875,9336,0,2,2,0
20251020 18:07:00,50.7475,50.82,50.7475,50.7766,5580,0,2,2,0
20251020 18:08:00,50.7682,50.89,50.74,50.8025,11209,0,2,2,2
20251020 18:09:00,50.79,50.84,50.72,50.7875,11926,0,2,2,0
20251020 18:10:00,50.795,50.8155,50.72,50.75137,10032,0,2,2,0
20251020 18:11:00,50.735,50.75,50.48,50.6175,9540,0,2,2,0
20251020 18:12:00,50.62,50.62,50.31,50.39375,19944,0,2,2,0
20251020 18:13:00,50.3875,50.3875,49.6008,50.0002,103110,0,2,2,0
20251020 18:14:00,50.055,50.055,49.78,49.91875,29893,0,2,2,0
20251020 18:15:00,49.9225,50.069,49,49.56535,113362,0,2,2,0
20251020 18:16:00,49.5962,49.5962,48.62,48.9525,109348,0,2,2,0
20251020 18:17:00,48.95,48.95,48.55,48.7375,60684,0,2,2,1
20251020 18:18:00,48.77,48.85,48.65,48.78445,37258,0,2,2,0
20251020 18:19:00,48.8189,48.8999,48.68,48.80747,23185,0,2,2,0
20251020 18:20:00,48.825,49.1,48.7159,48.84147,40980,0,2,2,0
20251020 18:21:00,48.775,49.14,48.76,48.89125,40650,0,2,2,2
20251020 18:22:00,48.8325,49.0136,48.75,48.90963,13377,0,2,2,0
20251020 18:23:00,48.93745,49.1078,48.86,48.9732,7107,0,2,2,0
20251020 18:24:00,48.9625,49.07,48.72,48.92982,31084,0,2,2,1
20251020 18:25:00,48.96465,48.96465,48.74,48.84693,16734,0,2,2,0
20251020 18:26:00,48.85385,49.22,48.85385,49.0625,30675,0,2,2,0
20251020 18:27:00,49.045,49.195,48.97,49.1025,20275,0,2,2,0
20251020 18:28:00,49.1225,49.2399,49.11,49.17847,11382,0,2,2,0
20251020 18:29:00,49.182,49.52,49.13,49.32125,33454,0,2,2,0
20251020 18:30:00,49.3175,49.6,49.15,49.36125,32180,0,2,2,2
20251020 18:31:00,49.3475,49.3475,49.14,49.195,11488,0,2,2,0
20251020 18:32:00,49.19,49.37,49.19,49.28,11520,0,2,2,0
20251020 18:33:00,49.25,49.52,49.25,49.36652,23381,0,2,2,0
20251020 18:34:00,49.34805,49.43,49.14,49.3,17076,0,2,2,1
20251020 18:35:00,49.315,49.47,49.23,49.3475,38306,0,2,2,0
20251020 18:36:00,49.345,49.75,49.345,49.6025,27349,0,2,2,0
20251020 18:37:00,49.605,49.95,49.605,49.82,47667,0,2,2,0
20251020 18:38:00,49.8,50.05,49.8,49.9575,27402,0,2,2,0
20251020 18:39:00,49.955,50.11,49.92,50.00125,18360,0,2,2,2
20251020 18:40:00,49.9875,49.9875,49.665,49.8075,16198,0,2,2,0
20251020 18:41:00,49.7975,49.87,49.621,49.739,23656,0,2,2,1
20251020 18:42:00,49.7325,49.855,49.7325,49.8225,20018,0,2,2,0
20251020 18:43:00,49.8175,49.96,49.72,49.84625,21538,0,2,2,0
20251020 18:44:00,49.8525,49.94,49.75,49.83625,7657,0,2,2,0
20251020 18:45:00,49.8275,49.8275,49.635,49.73625,15107,0,2,2,0
20251020 18:46:00,49.7525,49.77,49.6,49.6625,6097,0,2,2,0
20251020 18:47:00,49.64,49.64,49.385,49.49455,10184,0,2,2,1
20251020 18:48:00,49.5158,49.6,49.47,49.52375,8727,0,2,2,0
20251020 18:49:00,49.5125,49.67,49.5125,49.61125,6891,0,2,2,0
20251020 18:50:00,49.6175,49.87,49.6175,49.7575,11083,0,2,2,0
20251020 18:51:00,49.74,49.82,49.74,49.7775,5049,0,2,2,0
20251020 18:52:00,49.765,50,49.71,49.8725,20710,0,2,2,0
20251020 18:53:00,49.89,50.13,49.89,50.03347,34705,0,2,2,2
20251020 18:54:00,50.0125,50.0407,49.95,49.99267,18964,0,2,2,0
20251020 18:55:00,49.99,50.07,49.9,49.98625,15371,0,2,2,0
20251020 18:56:00,49.9875,50.1,49.93,50.03374,24223,0,2,2,0
20251020 18:57:00,50.0525,50.15,50,50.0895,23403,0,2,2,0
20251020 18:58:00,50.104,50.245,50.07,50.15125,27827,0,2,2,0
20251020 18:59:00,50.145,50.27,50.13,50.1675,16209,0,2,2,0
20251020 19:00:00,50.135,50.36,50.12,50.22,37690,0,2,2,2
20251020 19:01:00,50.2,50.21,50.07,50.1225,17351,0,2,2,1
20251020 19:02:00,50.105,50.36,50.08,50.17625,15128,0,2,2,0
20251020 19:03:00,50.1325,50.28,50.13,50.205,6412,0,2,2,0
20251020 19:04:00,50.205,50.575,50.205,50.40625,15413,0,2,2,0
20251020 19:05:00,50.4,50.72,50.4,50.5675,29878,0,2,2,2
20251020 19:06:00,50.555,50.592,50.45,50.5155,8317,0,2,2,0
20251020 19:07:00,50.51,50.52,50.33,50.4425,13070,0,2,2,0
20251020 19:08:00,50.46,50.5068,50.37,50.4192,11569,0,2,2,0
20251020 19:09:00,50.4,50.46,50.39,50.4325,7647,0,2,2,0
20251020 19:10:00,50.44,50.44,50.28,50.36125,9196,0,2,2,0
20251020 19:11:00,50.3675,50.3675,50.13,50.20748,10344,0,2,2,0
20251020 19:12:00,50.205,50.205,50.04,50.1125,7117,0,2,2,1
20251020 19:13:00,50.135,50.265,50.09,50.1825,11700,0,2,2,0
20251020 19:14:00,50.1875,50.34,50.1875,50.28,5420,0,2,2,0
20251020 19:15:00,50.285,50.42,50.22,50.31,14209,0,2,2,2
20251020 19:16:00,50.3,50.3,50.185,50.21875,5793,0,2,2,0
20251020 19:17:00,50.2225,50.265,50.18,50.21875,7438,0,2,2,0
20251020 19:18:00,50.215,50.25,50.18,50.215,8274,0,2,2,0
20251020 19:19:00,50.215,50.22,50.08,50.15773,11866,0,2,2,1
20251020 19:20:00,50.16545,50.2,50.1,50.1375,11486,0,2,2,0
20251020 19:21:00,50.125,50.19,50.09,50.15125,17468,0,2,2,0
20251020 19:22:00,50.1625,50.1625,50.02,50.0825,11361,0,2,2,0
20251020 19:23:00,50.08,50.15,49.99,50.055,17540,0,2,2,1
20251020 19:24:00,50.04,50.26,50.04,50.14875,11259,0,2,2,0
20251020 19:25:00,50.1375,50.35,50.1375,50.2825,9691,0,2,2,2
20251020 19:26:00,50.285,50.34,50.27,50.2975,16255,0,2,2,0
20251020 19:27:00,50.29,50.29,50.12,50.23375,15643,0,2,2,0
20251020 19:28:00,50.2675,50.34,50.2675,50.30107,8071,0,2,2,0
20251020 19:29:00,50.29715,50.44,50.29715,50.37,17423,0,2,2,2
20251020 19:30:00,50.355,50.41,50.14,50.27625,8090,0,2,2,0
20251020 19:31:00,50.2775,50.2775,49.9817,50.08043,11794,0,2,2,0
20251020 19:32:00,50.075,50.08,49.94,50.00053,9158,0,2,2,1
20251020 19:33:00,49.99105,50.068,49.98,50.03575,11963,0,2,2,0
20251020 19:34:00,50.0475,50.16,49.98,50.0775,15040,0,2,2,0
20251020 19:35:00,50.085,50.19,50.085,50.14987,11484,0,2,2,0
20251020 19:36:00,50.15475,50.21,50.125,50.15,12621,0,2,2,2
20251020 19:37:00,50.1325,50.17,50.11,50.15,4267,0,2,2,0
20251020 19:38:00,50.16,50.17,50.06,50.115,7739,0,2,2,0
20251020 19:39:00,50.115,50.115,50.04,50.0675,12564,0,2,2,0
20251020 19:40:00,50.06,50.12,50.04,50.06875,12549,0,2,2,0
20251020 19:41:00,50.0575,50.0575,49.97,50.00625,13504,0,2,2,0
20251020 19:42:00,50.0025,50.04,49.96,50,10055,0,2,2,0
20251020 19:43:00,50,50.02,49.95,49.99,11152,0,2,2,0
20251020 19:44:00,49.995,50.02,49.95,49.97375,9059,0,2,2,0
20251020 19:45:00,49.9625,49.98,49.887,49.9335,15955,0,2,2,0
20251020 19:46:00,49.9335,49.9335,49.76,49.84,9995,0,2,2,0
20251020 19:47:00,49.85,49.85,49.75,49.795,11727,0,2,2,1
20251020 19:48:00,49.79,49.875,49.7587,49.7981,18183,0,2,2,0
20251020 19:49:00,49.77935,49.84,49.75,49.80625,14372,0,2,2,1
20251020 19:50:00,49.8175,49.95,49.8,49.85498,35346,0,2,2,0
20251020 19:51:00,49.83495,49.96,49.83,49.89,14598,0,2,2,2
20251020 19:52:00,49.885,49.92,49.81,49.88375,27017,0,2,2,0
20251020 19:53:00,49.9025,49.94,49.83,49.8875,19391,0,2,2,0
20251020 19:54:00,49.89,49.99,49.84,49.905,41856,0,2,2,2
20251020 19:55:00,49.895,49.895,49.745,49.83375,25199,0,2,2,1
20251020 19:56:00,49.85,49.92,49.85,49.89,23493,0,2,2,0
20251020 19:57:00,49.895,49.92,49.87,49.895,27564,0,2,2,0
20251020 19:58:00,49.895,49.905,49.855,49.885,65858,0,2,2,0
20251020 19:59:00,49.89,49.96,49.87,49.91625,84978,0,2,2,2
20251020 20:00:00,49.9175,49.92,49.9,49.915,152230,0,2,2,0
20251020 20:01:00,49.92,49.92,49.92,49.92,0,0,2,2,0
20251020 20:02:00,49.92,50.19,49.38,49.7225,0,0,2,2,2
20251020 20:03:00,49.66,50,49.37,49.685,0,0,2,2,1
20251020 20:04:00,49.685,50,49.37,49.8225,0,0,2,2,1
20251020 20:07:00,49.96,49.96,49.73,49.84,0,0,2,2,0
20251020 20:08:00,49.84,50.2,49.84,50.2,0,0,2,2,2
20251020 20:09:00,50.2,50.2,50.2,50.2,0,0,2,2,2
20251020 20:10:00,50.2,50.2,49.92,50.06,0,0,2,2,2
20251020 20:11:00,50.06,50.06,49.5,49.5,0,0,2,2,1
20251020 20:12:00,49.5,49.95,49.5,49.95,0,0,2,2,1
20251020 20:13:00,49.95,49.95,49.95,49.95,0,0,2,2,0
20251020 20:15:00,49.95,49.95,49.95,49.95,0,0,2,2,0
20251020 20:20:00,49.95,49.95,49.95,49.95,0,0,2,2,0
20251020 20:27:00,49.95,50.06,49.95,50.03,0,0,2,2,1
20251020 20:32:00,50.03,50.08,50.03,50.08,0,0,2,2,2
20251020 20:34:00,50.08,50.08,50.06,50.06,0,0,2,2,2
20251020 20:35:00,50.06,50.08,50.06,50.08,0,0,2,2,2
20251020 20:37:00,50.08,50.08,50.02,50.02,0,0,2,2,2
20251020 20:38:00,50.02,50.08,49.95,50.015,0,0,2,2,1
20251020 20:39:00,50.015,50.0767,50.015,50.0767,0,0,2,2,0
20251020 20:40:00,50.0767,50.0767,50.07,50.07,0,0,2,2,0
20251020 20:42:00,50.07,50.07,50.05,50.05005,0,0,2,2,0
20251020 20:44:00,50.05005,50.08,50.05005,50.0652,0,0,2,2,2
20251020 20:48:00,50.0652,50.08,50.06,50.075,0,0,2,2,2
20251020 20:49:00,50.08,50.08,49.92,49.98502,0,0,2,2,1
20251020 20:51:00,49.985,50.06,49.985,50.06,0,0,2,2,0
20251020 20:53:00,50.06,50.06,50.05,50.055,0,0,2,2,0
20251020 20:57:00,50.055,50.07,50.055,50.07,0,0,2,2,0
20251020 20:59:00,50.07,50.08,49.95,50.015,0,0,2,2,1
20251020 21:05:00,50.015,50.23,50.015,50.2,0,0,2,2,0
20251020 21:06:00,50.2,50.2,49.95,49.95,0,0,2,2,1
20251020 21:08:00,49.95,50.25,49.95,50.1,0,0,2,2,1
20251020 21:10:00,50.1,50.49,50.1,50.49,0,0,2,2,2
20251020 21:12:00,50.49,50.49,50.32,50.32,0,0,2,2,2
20251020 21:18:00,50.32,50.32,50.31,50.31,0,0,2,2,0
20251020 21:20:00,50.31,50.31,50.01,50.125,0,0,2,2,1
20251020 21:25:00,50.125,50.25,50.05,50.15,0,0,2,2,0
20251020 21:29:00,50.15,50.25,50.15,50.25,0,0,2,2,0
20251020 21:30:00,50.25,50.2899,50.25,50.2899,0,0,2,2,0
20251020 21:32:00,50.2899,50.29,50.2887,50.28935,0,0,2,2,2
20251020 21:33:00,50.28935,50.29,50.28935,50.28975,0,0,2,2,2
20251020 21:34:00,50.28975,50.28975,50.2896,50.2896,0,0,2,2,0
20251020 21:36:00,50.2896,50.2896,50.2882,50.2882,0,0,2,2,0
20251020 21:37:00,50.2882,50.2882,50.28,50.2841,0,0,2,2,1
20251020 21:38:00,50.2841,50.29,50.2841,50.29,0,0,2,2,0
20251020 21:39:00,50.29,50.32,50.29,50.32,0,0,2,2,2
20251020 21:43:00,50.32,50.32,50.25,50.285,0,0,2,2,1
20251020 21:46:00,50.285,50.3181,50.25,50.28405,0,0,2,2,1
20251020 21:48:00,50.28405,50.49,50.28405,50.405,0,0,2,2,2
20251020 21:49:00,50.405,50.4745,50.32,50.39725,0,0,2,2,0
20251020 21:50:00,50.39725,50.39725,50.32,50.3206,0,0,2,2,0
20251020 21:51:00,50.3206,50.3213,50.32,50.32065,0,0,2,2,0
20251020 21:55:00,50.32065,50.3496,50.32,50.33448,0,0,2,2,1
20251020 21:56:00,50.33415,50.48,50.33415,50.48,0,0,2,2,2
20251020 22:03:00,50.48,50.48,50.33,50.33,0,0,2,2,2
20251020 22:08:00,50.33,50.33,50.3294,50.3294,0,0,2,2,0
20251020 22:12:00,50.3294,50.3294,50.26,50.26,0,0,2,2,1
20251020 22:14:00,50.26,50.26,50.26,50.26,0,0,2,2,1
20251020 22:16:00,50.26,50.48,50.26,50.48,0,0,2,2,1
20251020 22:18:00,50.48,50.48,50.31,50.31,0,0,2,2,2
20251020 22:31:00,50.31,50.31,50.31,50.31,0,0,2,2,0
20251020 22:37:00,50.31,50.32,50.31,50.32,0,0,2,2,0
20251020 22:40:00,50.32,50.32,50.32,50.32,0,0,2,2,0
20251020 22:41:00,50.32,50.32,50.25,50.285,0,0,2,2,2
20251020 22:42:00,50.285,50.285,50.1001,50.1001,0,0,2,2,1
20251020 22:50:00,50.1001,50.11,50.1001,50.11,0,0,2,2,1
20251020 22:52:00,50.11,50.32,50.11,50.21505,0,0,2,2,2
20251020 22:55:00,50.21505,50.21505,50.11,50.11,0,0,2,2,0
20251020 22:56:00,50.11,50.31,50.1099,50.20995,0,0,2,2,0
20251020 22:58:00,50.20995,50.20995,50.1016,50.10355,0,0,2,2,0
20251020 22:59:00,50.10355,50.10355,50.1002,50.1002,0,0,2,2,0
20251020 23:00:00,50.1002,50.1002,50.088,50.088,0,0,2,2,1
20251020 23:03:00,50.088,50.09,50.088,50.09,0,0,2,2,0
20251020 23:04:00,50.09,50.2,50.09,50.2,0,0,2,2,2
20251020 23:05:00,50.2,50.2,50.01,50.01,0,0,2,2,1
20251020 23:08:00,50.01,50.03,50.01,50.03,0,0,2,2,1
20251020 23:10:00,50.03,50.2,50.03,50.2,0,0,2,2,2
20251020 23:15:00,50.2,50.2,50.1,50.1,0,0,2,2,2
20251020 23:16:00,50.1,50.1014,50.1,50.1014,0,0,2,2,0
20251020 23:23:00,50.1014,50.1762,50.1014,50.1762,0,0,2,2,0
20251020 23:24:00,50.1762,50.1988,50.1762,50.1988,0,0,2,2,0
20251020 23:25:00,50.1988,50.2,50.1896,50.1948,0,0,2,2,2
20251020 23:29:00,50.1948,50.2,50.0204,50.1551,0,0,2,2,2
20251020 23:30:00,50.2,50.2,50.01,50.055,0,0,2,2,1
20251020 23:37:00,50.055,50.2,50.055,50.2,0,0,2,2,2
20251020 23:38:00,50.2,50.2,50.1,50.1,0,0,2,2,2
20251020 23:40:00,50.1,50.1,50.1,50.1,0,0,2,2,0
20251020 23:41:00,50.1,50.1,50.01,50.01,0,0,2,2,1
20251020 23:42:00,50.01,50.01,50.01,50.01,0,0,2,2,1
20251020 23:43:00,50.01,50.1998,50.01,50.1998,0,0,2,2,1
20251020 23:45:00,50.1998,50.1998,50.01,50.01,0,0,2,2,1
20251020 23:48:00,50.01,50.2,50.01,50.2,0,0,2,2,1
20251020 23:49:00,50.2,50.2,50.2,50.2,0,0,2,2,2
20251020 23:52:00,50.2,50.2,50.1514,50.1514,0,0,2,2,2
20251020 23:53:00,50.1514,50.19,50.1514,50.19,0,0,2,2,0
20251020 23:56:00,50.19,50.19,50.19,50.19,0,0,2,2,0
20251020 23:58:00,50.19,50.19,50.19,50.19,0,0,2,2,0
20251020 23:58:56,50.19,50.19,50.19,50.19,0,0,2,2,0
