20251022 08:00:00,7.42,7.42,7.42,7.42,0,0,2,2,0
20251022 08:06:00,7.42,7.42,7.36,7.375,0,0,2,2,0
20251022 08:11:00,7.375,7.38,7.375,7.38,0,0,2,2,0
20251022 08:13:00,7.38,7.38,7.37,7.37,0,0,2,2,0
20251022 08:23:00,7.37,7.38,7.37,7.38,0,0,2,2,0
20251022 08:34:00,7.38,7.38,7.38,7.38,0,0,2,2,0
20251022 08:40:00,7.38,7.42,7.38,7.415,0,0,2,2,0
20251022 09:14:00,7.415,7.43,7.415,7.425,0,0,2,2,2
20251022 09:16:00,7.425,7.425,7.35,7.35,0,0,2,2,1
20251022 09:19:00,7.35,7.41,7.35,7.41,0,0,2,2,1
20251022 09:27:00,7.41,7.41,7.38,7.38,0,0,2,2,0
20251022 09:28:00,7.38,7.38,7.38,7.38,0,0,2,2,0
20251022 09:42:00,7.38,7.38,7.37,7.37,0,0,2,2,0
20251022 09:47:00,7.37,7.4,7.37,7.39,0,0,2,2,0
20251022 09:53:00,7.39,7.39,7.34,7.34,0,0,2,2,0
20251022 09:54:00,7.34,7.35,7.34,7.35,0,0,2,2,0
20251022 09:55:00,7.35,7.35,7.31,7.31,0,0,2,2,0
20251022 10:00:00,7.31,7.31,7.3,7.305,0,0,2,2,0
20251022 10:01:00,7.305,7.305,7.3,7.3,0,0,2,2,0
20251022 10:08:00,7.3,7.3,7.28,7.285,0,0,2,2,0
20251022 10:14:00,7.285,7.285,7.27,7.27,0,0,2,2,1
20251022 10:31:00,7.27,7.37,7.27,7.365,0,0,2,2,1
20251022 11:01:00,7.365,7.365,7.32,7.32,0,0,2,2,0
20251022 11:02:00,7.32,7.32,7.28,7.285,0,0,2,2,0
20251022 11:04:00,7.285,7.285,7.25,7.265,0,0,2,2,0
20251022 11:05:00,7.265,7.265,7.25,7.25,0,0,2,2,0
20251022 11:07:00,7.25,7.25,7.24,7.24,0,0,2,2,0
20251022 11:08:00,7.24,7.24,7.22,7.22,0,0,2,2,0
20251022 11:10:00,7.22,7.24,7.22,7.24,0,0,2,2,0
20251022 11:16:00,7.24,7.24,7.21,7.21,0,0,2,2,1
20251022 11:17:00,7.21,7.24,7.21,7.24,0,0,2,2,1
20251022 11:19:00,7.24,7.24,7.24,7.24,0,0,2,2,0
20251022 11:20:00,7.24,7.25,7.24,7.25,0,0,2,2,0
20251022 11:28:00,7.25,7.26,7.25,7.26,0,0,2,2,0
20251022 11:29:00,7.26,7.64,7.26,7.4825,0,0,2,2,0
20251022 11:30:00,7.48,7.66,7.48,7.57,0,0,2,2,2
20251022 11:31:00,7.57,7.64,7.57,7.615,0,0,2,2,0
20251022 11:32:00,7.62,7.62,7.56,7.5775,0,0,2,2,0
20251022 11:34:00,7.58,7.58,7.5,7.5,0,0,2,2,0
20251022 11:35:00,7.5,7.5,7.46,7.474999,0,0,2,2,0
20251022 11:36:00,7.475,7.48,7.475,7.48,0,0,2,2,0
20251022 11:38:00,7.48,7.5,7.4,7.47,0,0,2,2,1
20251022 11:39:00,7.49,7.49,7.49,7.49,0,0,2,2,0
20251022 11:40:00,7.49,7.5,7.49,7.5,0,0,2,2,0
20251022 11:42:00,7.5,7.5,7.5,7.5,0,0,2,2,0
20251022 11:43:00,7.5,7.52,7.5,7.52,0,0,2,2,0
20251022 11:46:00,7.52,7.52,7.49,7.5,0,0,2,2,1
20251022 11:47:00,7.495,7.53,7.495,7.53,0,0,2,2,0
20251022 11:51:00,7.53,7.62,7.53,7.61,0,0,2,2,0
20251022 11:52:00,7.61,7.62,7.6,7.61,0,0,2,2,0
20251022 11:53:00,7.61,7.63,7.61,7.62,0,0,2,2,2
20251022 11:55:00,7.62,7.62,7.57,7.575,0,0,2,2,0
20251022 11:56:00,7.575,7.63,7.575,7.63,0,0,2,2,0
20251022 11:59:00,7.63,7.63,7.56,7.585,0,0,2,2,0
20251022 12:00:00,7.585,7.69,7.2,7.4375,0,0,2,2,1
20251022 12:03:00,7.43,7.66,7.43,7.6275,0,0,2,2,0
20251022 12:04:00,7.625,7.66,7.49,7.57995,0,0,2,2,0
20251022 12:05:00,7.5849,7.7,7.5849,7.6625,0,0,2,2,0
20251022 12:06:00,7.65,7.75,7.65,7.7124,0,0,2,2,2
20251022 12:07:00,7.7248,7.75,7.7,7.7348,0,0,2,2,0
20251022 12:08:00,7.7446,7.75,7.71,7.73,0,0,2,2,0
20251022 12:09:00,7.73,7.93,7.73,7.844725,0,0,2,2,2
20251022 12:10:00,7.84,7.89,7.58,7.7713,0,0,2,2,1
20251022 12:11:00,7.8076,7.8076,7.71,7.725,0,0,2,2,0
20251022 12:12:00,7.72,7.78,7.72,7.765175,0,0,2,2,0
20251022 12:13:00,7.77335,7.78,7.7108,7.7377,0,0,2,2,0
20251022 12:14:00,7.73,7.8,7.7105,7.755725,0,0,2,2,0
20251022 12:15:00,7.7562,7.88,7.7562,7.8425,0,0,2,2,2
20251022 12:16:00,7.845,7.845,7.7904,7.823225,0,0,2,2,0
20251022 12:17:00,7.83125,7.8386,7.75,7.797425,0,0,2,2,0
20251022 12:18:00,7.80055,7.80055,7.7115,7.75515,0,0,2,2,0
20251022 12:19:00,7.76955,7.77,7.71,7.725451,0,0,2,2,0
20251022 12:20:00,7.7109,7.75,7.66,7.71625,0,0,2,2,1
20251022 12:21:00,7.7275,7.75,7.7,7.735,0,0,2,2,0
20251022 12:22:00,7.745,7.745,7.69,7.7225,0,0,2,2,0
20251022 12:23:00,7.73,7.77,7.61,7.724975,0,0,2,2,1
20251022 12:24:00,7.75995,7.77,7.65,7.721925,0,0,2,2,0
20251022 12:25:00,7.73385,7.75,7.66,7.71475,0,0,2,2,0
20251022 12:26:00,7.7245,7.83,7.7245,7.7951,0,0,2,2,2
20251022 12:27:00,7.8002,7.82,7.73,7.775,0,0,2,2,0
20251022 12:28:00,7.775,7.8,7.71,7.755,0,0,2,2,0
20251022 12:29:00,7.755,7.8,7.755,7.785,0,0,2,2,0
20251022 12:30:00,7.785,7.8,7.72,7.7775,0,0,2,2,0
20251022 12:31:00,7.795,7.8,7.76,7.7875,0,0,2,2,0
20251022 12:32:00,7.795,7.85,7.795,7.825,0,0,2,2,0
20251022 12:33:00,7.825,7.9,7.825,7.8675,0,0,2,2,0
20251022 12:34:00,7.865,7.89,7.85,7.868375,0,0,2,2,0
20251022 12:35:00,7.86675,7.98,7.8515,7.91575,0,0,2,2,0
20251022 12:36:00,7.91575,7.99,7.91575,7.9725,0,0,2,2,0
20251022 12:37:00,7.98,7.99,7.94,7.97,0,0,2,2,0
20251022 12:38:00,7.975,8.0199,7.89,7.959975,0,0,2,2,0
20251022 12:39:00,7.965,8.12,7.95,8.027525,0,0,2,2,0
20251022 12:40:00,8.02005,8.19,8.02005,8.11495,0,0,2,2,0
20251022 12:41:00,8.0949,8.18,8.09,8.1351,0,0,2,2,0
20251022 12:42:00,8.135201,8.2,8.135201,8.17695,0,0,2,2,2
20251022 12:43:00,8.1789,8.2,8.1,8.155001,0,0,2,2,0
20251022 12:44:00,8.16,8.17,8.11,8.145,0,0,2,2,0
20251022 12:45:00,8.15,8.23,8.15,8.190425,0,0,2,2,2
20251022 12:46:00,8.184999,8.2,8.1,8.157499,0,0,2,2,0
20251022 12:47:00,8.165,8.18,8.05,8.139175,0,0,2,2,1
20251022 12:48:00,8.16335,8.16335,8.09,8.115,0,0,2,2,0
20251022 12:49:00,8.110001,8.15,8.0532,8.113276,0,0,2,2,0
20251022 12:50:00,8.12495,8.12495,8.01,8.057449,0,0,2,2,0
20251022 12:51:00,8.05995,8.06,8,8.027375,0,0,2,2,1
20251022 12:52:00,8.02475,8.05,8.01,8.035,0,0,2,2,0
20251022 12:53:00,8.04,8.0995,8.01,8.044874,0,0,2,2,0
20251022 12:54:00,8.035,8.09,8.03,8.059975,0,0,2,2,0
20251022 12:55:00,8.05995,8.07,8.01,8.047475,0,0,2,2,0
20251022 12:56:00,8.05495,8.07,8.02,8.04255,0,0,2,2,0
20251022 12:57:00,8.0401,8.06,7.99,8.0425,0,0,2,2,1
20251022 12:58:00,8.06,8.09,7.99,8.044975,0,0,2,2,1
20251022 12:59:00,8.04995,8.1,8.01,8.055625,0,0,2,2,2
20251022 13:00:00,8.05625,8.08,8.05,8.07,0,0,2,2,0
20251022 13:01:00,8.075,8.075,8.01,8.0324,0,0,2,2,0
20251022 13:02:00,8.0248,8.05,8.01,8.021875,0,0,2,2,0
20251022 13:03:00,8.01375,8.05,7.92,8.004999,0,0,2,2,1
20251022 13:04:00,8.025,8.09,8.01,8.0476,0,0,2,2,0
20251022 13:05:00,8.0452,8.0981,8.0452,8.08405,0,0,2,2,2
20251022 13:06:00,8.08905,8.08905,8.0006,8.04015,0,0,2,2,0
20251022 13:07:00,8.045,8.045,7.99,8.014999,0,0,2,2,1
20251022 13:08:00,8.014999,8.05,8,8.035,0,0,2,2,0
20251022 13:09:00,8.045,8.09,8.045,8.075,0,0,2,2,0
20251022 13:10:00,8.08,8.14,8.08,8.100225,0,0,2,2,2
20251022 13:11:00,8.09045,8.1,8.0694,8.09225,0,0,2,2,0
20251022 13:12:00,8.0998,8.0998,8.0206,8.046275,0,0,2,2,0
20251022 13:13:00,8.0373,8.09,8.02,8.04,0,0,2,2,1
20251022 13:14:00,8.025,8.09,8.023,8.06575,0,0,2,2,0
20251022 13:15:00,8.075001,8.075001,8.03,8.040125,0,0,2,2,0
20251022 13:16:00,8.03045,8.05,7.98,8.01245,0,0,2,2,0
20251022 13:17:00,8.0099,8.0099,7.92,7.960875,0,0,2,2,0
20251022 13:18:00,7.96175,7.97,7.92,7.945,0,0,2,2,0
20251022 13:19:00,7.945,7.95,7.91,7.9375,0,0,2,2,1
20251022 13:20:00,7.945,7.98,7.945,7.9625,0,0,2,2,0
20251022 13:21:00,7.96,7.98,7.95,7.965,0,0,2,2,2
20251022 13:22:00,7.965,7.98,7.9133,7.94165,0,0,2,2,2
20251022 13:23:00,7.93665,7.93665,7.84,7.885,0,0,2,2,0
20251022 13:24:00,7.885,7.89,7.8,7.846,0,0,2,2,1
20251022 13:25:00,7.847,7.92,7.847,7.89,0,0,2,2,0
20251022 13:26:00,7.89495,7.9197,7.89,7.90485,0,0,2,2,0
20251022 13:27:00,7.90485,7.96,7.87,7.92,0,0,2,2,2
20251022 13:28:00,7.925,7.95,7.75,7.83,0,0,2,2,0
20251022 13:29:00,7.81,7.93,7.72,7.8275,0,0,2,2,0
20251022 13:30:00,7.83,7.85,7.5716,7.7379,3024462,0,2,2,1
20251022 13:31:00,7.765,7.93,7.76,7.835,185060,0,2,2,0
20251022 13:32:00,7.825,8.05,7.825,7.940325,171120,0,2,2,2
20251022 13:33:00,7.94065,8.02,7.925,7.9775,161495,0,2,2,0
20251022 13:34:00,7.9825,8,7.81,7.928825,153517,0,2,2,0
20251022 13:35:00,7.95265,8.0199,7.82,7.89895,93877,0,2,2,0
20251022 13:36:00,7.87795,7.87795,7.65,7.76,140501,0,2,2,1
20251022 13:37:00,7.77,7.77,7.65,7.71495,74940,0,2,2,1
20251022 13:38:00,7.7299,7.8596,7.7299,7.789875,72137,0,2,2,0
20251022 13:39:00,7.78495,7.89,7.78495,7.854975,57619,0,2,2,0
20251022 13:40:00,7.85995,7.8699,7.81,7.848975,55857,0,2,2,0
20251022 13:41:00,7.858,8.14,7.83,7.98745,242840,0,2,2,0
20251022 13:42:00,7.9899,8.317,7.9899,8.2185,596090,0,2,2,0
20251022 13:43:00,8.2285,8.49,8.2285,8.379974,514076,0,2,2,0
20251022 13:44:00,8.39995,8.62,8.39995,8.52535,701637,0,2,2,0
20251022 13:45:00,8.5107,8.6,8.43,8.539975,529863,0,2,2,0
20251022 13:46:00,8.56495,8.65,8.56,8.594,407513,0,2,2,2
20251022 13:47:00,8.583,8.59,8.4,8.5,330032,0,2,2,0
20251022 13:48:00,8.505,8.505,8.26,8.3475,204645,0,2,2,0
20251022 13:49:00,8.35,8.35,8.1897,8.2424,159740,0,2,2,0
20251022 13:50:00,8.23495,8.2699,8.19,8.227475,132824,0,2,2,0
20251022 13:51:00,8.225,8.26,8.17,8.224751,92455,0,2,2,0
20251022 13:52:00,8.2345,8.25,8.165,8.193775,153789,0,2,2,1
20251022 13:53:00,8.18005,8.27,8.1701,8.225,139694,0,2,2,0
20251022 13:54:00,8.22995,8.325,8.197,8.267975,244085,0,2,2,2
20251022 13:55:00,8.27495,8.29,8.13,8.222501,167323,0,2,2,1
20251022 13:56:00,8.235001,8.25,8.17,8.202475,157551,0,2,2,0
20251022 13:57:00,8.19495,8.1993,8.13,8.16735,105163,0,2,2,0
20251022 13:58:00,8.17005,8.17005,8.08,8.125575,85259,0,2,2,0
20251022 13:59:00,8.13615,8.15,8.09,8.115049,46044,0,2,2,0
20251022 14:00:00,8.1101,8.1101,8.01,8.0625,125249,0,2,2,0
20251022 14:01:00,8.075001,8.1368,8.04,8.0817,100303,0,2,2,0
20251022 14:02:00,8.075001,8.1,7.97,8.0375,171883,0,2,2,0
20251022 14:03:00,8.04,8.04,7.86,7.924975,150225,0,2,2,0
20251022 14:04:00,7.93495,7.93495,7.83,7.8725,121085,0,2,2,1
20251022 14:05:00,7.88,7.98,7.86,7.91245,137273,0,2,2,0
20251022 14:06:00,7.9049,7.94,7.8735,7.920875,78752,0,2,2,0
20251022 14:07:00,7.935,8.03,7.9201,7.96605,91433,0,2,2,0
20251022 14:08:00,7.95705,8.06,7.94,7.98375,109584,0,2,2,0
20251022 14:09:00,7.9675,8,7.955,7.9753,67002,0,2,2,0
20251022 14:10:00,7.9731,8.085,7.96,8.02365,101915,0,2,2,2
20251022 14:11:00,8.0248,8.07,7.96,8.028,351528,0,2,2,0
20251022 14:12:00,8.041,8.041,7.85,7.93005,149073,0,2,2,0
20251022 14:13:00,7.93005,7.93005,7.75,7.81755,235574,0,2,2,1
20251022 14:14:00,7.8326,7.86,7.81,7.8275,73027,0,2,2,0
20251022 14:15:00,7.82,7.84,7.77,7.812525,84761,0,2,2,0
20251022 14:16:00,7.82005,7.87,7.7802,7.8363,74661,0,2,2,0
20251022 14:17:00,7.8475,7.8999,7.83,7.86745,76353,0,2,2,2
20251022 14:18:00,7.86995,7.86995,7.76,7.81,83967,0,2,2,0
20251022 14:19:00,7.815,7.815,7.715,7.7493,119496,0,2,2,0
20251022 14:20:00,7.75305,7.75305,7.7,7.72095,119908,0,2,2,0
20251022 14:21:00,7.7219,7.7219,7.54,7.645025,359097,0,2,2,0
20251022 14:22:00,7.66255,7.66255,7.58,7.6064,143603,0,2,2,0
20251022 14:23:00,7.6128,7.6198,7.48,7.5624,364087,0,2,2,0
20251022 14:24:00,7.5749,7.5749,7.49,7.52125,95024,0,2,2,0
20251022 14:25:00,7.5275,7.53,7.445,7.4877,151629,0,2,2,0
20251022 14:26:00,7.4879,7.4879,7.4,7.43625,221419,0,2,2,0
20251022 14:27:00,7.4375,7.4375,7.375,7.405025,105717,0,2,2,0
20251022 14:28:00,7.41255,7.42,7.395,7.409975,54805,0,2,2,0
20251022 14:29:00,7.41245,7.41245,7.345,7.3763,139197,0,2,2,0
20251022 14:30:00,7.38005,7.38005,7.315,7.340025,86085,0,2,2,0
20251022 14:31:00,7.33755,7.34,7.28,7.31375,134230,0,2,2,1
20251022 14:32:00,7.3175,7.397,7.307,7.354525,85062,0,2,2,0
20251022 14:33:00,7.35705,7.42,7.3548,7.39225,82806,0,2,2,0
20251022 14:34:00,7.3971,7.44,7.385,7.406775,99561,0,2,2,0
20251022 14:35:00,7.40105,7.42,7.35,7.38875,52616,0,2,2,0
20251022 14:36:00,7.3925,7.4756,7.36,7.42015,64627,0,2,2,2
20251022 14:37:00,7.4225,7.4699,7.4,7.436225,48055,0,2,2,0
20251022 14:38:00,7.4375,7.4375,7.3512,7.39035,57304,0,2,2,0
20251022 14:39:00,7.3951,7.3951,7.35,7.3675,36366,0,2,2,0
20251022 14:40:00,7.37,7.37,7.31,7.34875,75858,0,2,2,0
20251022 14:41:00,7.3575,7.3575,7.27,7.31375,172300,0,2,2,0
20251022 14:42:00,7.315,7.315,7.26,7.275025,71559,0,2,2,0
20251022 14:43:00,7.27505,7.27505,7.18,7.23385,402566,0,2,2,1
20251022 14:44:00,7.24385,7.2573,7.18,7.21935,121367,0,2,2,0
20251022 14:45:00,7.22005,7.23,7.1801,7.20755,96299,0,2,2,0
20251022 14:46:00,7.21005,7.215,7.13,7.181,72835,0,2,2,1
20251022 14:47:00,7.1895,7.22,7.1839,7.1982,156681,0,2,2,0
20251022 14:48:00,7.19445,7.255,7.19445,7.227525,101386,0,2,2,0
20251022 14:49:00,7.2275,7.27,7.2201,7.247525,76067,0,2,2,0
20251022 14:50:00,7.25,7.3098,7.25,7.27365,68405,0,2,2,0
20251022 14:51:00,7.26245,7.27,7.225,7.255,36218,0,2,2,0
20251022 14:52:00,7.2625,7.31,7.25,7.275,65209,0,2,2,2
20251022 14:53:00,7.27,7.31,7.25,7.28,81523,0,2,2,2
20251022 14:54:00,7.28,7.2899,7.23,7.2575,33613,0,2,2,0
20251022 14:55:00,7.25505,7.25505,7.182,7.209875,48936,0,2,2,1
20251022 14:56:00,7.21375,7.25,7.19,7.223725,29013,0,2,2,0
20251022 14:57:00,7.22745,7.27,7.22745,7.246325,89992,0,2,2,0
20251022 14:58:00,7.24265,7.26,7.2303,7.242625,33508,0,2,2,0
20251022 14:59:00,7.2401,7.2978,7.2401,7.267125,43599,0,2,2,0
20251022 15:00:00,7.2646,7.33,7.2646,7.312725,37500,0,2,2,0
20251022 15:01:00,7.31295,7.41,7.31295,7.365025,78824,0,2,2,0
20251022 15:02:00,7.36505,7.42,7.36505,7.4025,110988,0,2,2,0
20251022 15:03:00,7.405,7.43,7.385,7.411225,45886,0,2,2,2
20251022 15:04:00,7.41495,7.4199,7.376,7.4017,27054,0,2,2,0
20251022 15:05:00,7.40545,7.40545,7.35,7.372475,36640,0,2,2,1
20251022 15:06:00,7.37495,7.38,7.3542,7.36585,41500,0,2,2,0
20251022 15:07:00,7.3646,7.3886,7.36,7.372175,30395,0,2,2,0
20251022 15:08:00,7.37005,7.37005,7.3401,7.36005,47757,0,2,2,1
20251022 15:09:00,7.36505,7.39,7.365,7.3775,24156,0,2,2,0
20251022 15:10:00,7.3775,7.4,7.36,7.387275,32862,0,2,2,0
20251022 15:11:00,7.39455,7.4056,7.3746,7.393525,24254,0,2,2,2
20251022 15:12:00,7.39695,7.4,7.365,7.3825,50656,0,2,2,0
20251022 15:13:00,7.3825,7.39,7.34,7.3721,42664,0,2,2,1
20251022 15:14:00,7.3792,7.42,7.37,7.39095,76310,0,2,2,2
20251022 15:15:00,7.3869,7.39,7.35,7.371475,15844,0,2,2,0
20251022 15:16:00,7.37295,7.3899,7.32,7.346875,42149,0,2,2,0
20251022 15:17:00,7.3388,7.3388,7.2968,7.3189,33135,0,2,2,0
20251022 15:18:00,7.3222,7.34,7.305,7.32,23042,0,2,2,0
20251022 15:19:00,7.3175,7.3175,7.29,7.2999,28113,0,2,2,0
20251022 15:20:00,7.2999,7.3,7.285,7.29625,10382,0,2,2,0
20251022 15:21:00,7.3,7.3,7.2499,7.269975,37879,0,2,2,0
20251022 15:22:00,7.27,7.27,7.22,7.23125,31568,0,2,2,0
20251022 15:23:00,7.2325,7.24,7.215,7.22755,16665,0,2,2,1
20251022 15:24:00,7.2276,7.2605,7.22,7.243875,10743,0,2,2,0
20251022 15:25:00,7.2475,7.26,7.215,7.2375,92831,0,2,2,0
20251022 15:26:00,7.2375,7.25,7.215,7.23025,67790,0,2,2,0
20251022 15:27:00,7.228,7.228,7.192,7.208,52954,0,2,2,0
20251022 15:28:00,7.21,7.2199,7.18,7.19625,58781,0,2,2,0
20251022 15:29:00,7.19255,7.19255,7.16,7.1825,36879,0,2,2,0
20251022 15:30:00,7.19,7.19,7.16,7.18125,31922,0,2,2,0
20251022 15:31:00,7.1875,7.1875,7.1326,7.16065,44018,0,2,2,0
20251022 15:32:00,7.165,7.165,7.08,7.125,181630,0,2,2,1
20251022 15:33:00,7.13,7.13,7.08,7.102925,220084,0,2,2,0
20251022 15:34:00,7.10085,7.11,7.09,7.0975,33482,0,2,2,0
20251022 15:35:00,7.095,7.12,7.06,7.095,77147,0,2,2,1
20251022 15:36:00,7.1,7.14,7.0988,7.122175,49019,0,2,2,0
20251022 15:37:00,7.12495,7.16,7.11,7.12955,25940,0,2,2,2
20251022 15:38:00,7.1241,7.14,7.11,7.123525,13081,0,2,2,0
20251022 15:39:00,7.12205,7.15,7.1208,7.133925,14645,0,2,2,0
20251022 15:40:00,7.13245,7.15,7.11,7.134325,88965,0,2,2,1
20251022 15:41:00,7.13865,7.17,7.12,7.145,37763,0,2,2,0
20251022 15:42:00,7.145,7.185,7.145,7.1675,38708,0,2,2,0
20251022 15:43:00,7.16745,7.18,7.145,7.1665,36657,0,2,2,0
20251022 15:44:00,7.1705,7.1899,7.1563,7.1728,25671,0,2,2,0
20251022 15:45:00,7.1725,7.2,7.1725,7.18625,22151,0,2,2,0
20251022 15:46:00,7.185,7.23,7.185,7.21375,76409,0,2,2,2
20251022 15:47:00,7.2125,7.23,7.2038,7.21855,92520,0,2,2,2
20251022 15:48:00,7.2202,7.2202,7.1901,7.202525,39546,0,2,2,0
20251022 15:49:00,7.20005,7.205,7.19,7.1945,35268,0,2,2,0
20251022 15:50:00,7.1915,7.195,7.14,7.17125,54242,0,2,2,0
20251022 15:51:00,7.175,7.175,7.1235,7.141975,36427,0,2,2,1
20251022 15:52:00,7.1447,7.145,7.13,7.1375,11175,0,2,2,0
20251022 15:53:00,7.1375,7.165,7.13,7.14375,82860,0,2,2,0
20251022 15:54:00,7.14,7.14,7.1047,7.117425,16822,0,2,2,1
20251022 15:55:00,7.1175,7.14,7.105,7.12125,16116,0,2,2,0
20251022 15:56:00,7.12,7.1399,7.1135,7.13085,31005,0,2,2,0
20251022 15:57:00,7.135,7.14,7.09,7.12125,57453,0,2,2,1
20251022 15:58:00,7.1275,7.1275,7.099,7.111,32222,0,2,2,0
20251022 15:59:00,7.1125,7.12,7.11,7.1145,9910,0,2,2,0
20251022 16:00:00,7.114,7.1199,7.08,7.0989,29979,0,2,2,0
20251022 16:01:00,7.09785,7.09785,7.04,7.06625,56351,0,2,2,0
20251022 16:02:00,7.0675,7.0675,7.025,7.036325,38400,0,2,2,0
20251022 16:03:00,7.03765,7.04,7.02,7.03,39440,0,2,2,1
20251022 16:04:00,7.03,7.05,7.025,7.03625,13213,0,2,2,0
20251022 16:05:00,7.035,7.0756,7.035,7.0564,29494,0,2,2,0
20251022 16:06:00,7.0525,7.1299,7.0525,7.091075,64220,0,2,2,0
20251022 16:07:00,7.09,7.155,7.09,7.1375,24952,0,2,2,0
20251022 16:08:00,7.14,7.1556,7.1235,7.1394,21327,0,2,2,2
20251022 16:09:00,7.13925,7.13925,7.0901,7.113475,16953,0,2,2,0
20251022 16:10:00,7.1172,7.1172,7.0801,7.092675,10140,0,2,2,0
20251022 16:11:00,7.09255,7.11,7.0701,7.092475,16673,0,2,2,1
20251022 16:12:00,7.0949,7.135,7.0949,7.12,24059,0,2,2,0
20251022 16:13:00,7.12,7.1455,7.12,7.141375,13508,0,2,2,0
20251022 16:14:00,7.1425,7.16,7.13,7.143375,42967,0,2,2,0
20251022 16:15:00,7.14175,7.15,7.12,7.13455,54157,0,2,2,0
20251022 16:16:00,7.1341,7.1999,7.13,7.16495,20042,0,2,2,0
20251022 16:17:00,7.16495,7.2,7.16495,7.190825,18444,0,2,2,2
20251022 16:18:00,7.18915,7.1913,7.15,7.17315,20383,0,2,2,0
20251022 16:19:00,7.17565,7.17565,7.13,7.14635,29780,0,2,2,0
20251022 16:20:00,7.1477,7.1477,7.11,7.12885,12415,0,2,2,0
20251022 16:21:00,7.12885,7.1298,7.113,7.120675,5144,0,2,2,0
20251022 16:22:00,7.11995,7.11995,7.1008,7.10795,11174,0,2,2,0
20251022 16:23:00,7.108,7.1255,7.09,7.103875,19666,0,2,2,0
20251022 16:24:00,7.1,7.1,7.0802,7.08865,6313,0,2,2,0
20251022 16:25:00,7.08725,7.115,7.0801,7.101274,18273,0,2,2,1
20251022 16:26:00,7.105,7.1244,7.1,7.1161,24536,0,2,2,0
20251022 16:27:00,7.12,7.12,7.095,7.1103,26838,0,2,2,0
20251022 16:28:00,7.115,7.1299,7.115,7.1201,1064,0,2,2,0
20251022 16:29:00,7.11775,7.11775,7.115,7.115,222,0,2,2,0
20251022 16:30:00,7.115,7.135,7.02,7.075975,75146,0,2,2,2
20251022 16:31:00,7.07445,7.07445,7.01,7.029375,99453,0,2,2,1
20251022 16:32:00,7.02295,7.075,7.01,7.044975,82039,0,2,2,1
20251022 16:33:00,7.04745,7.15,7.04745,7.10125,14506,0,2,2,0
20251022 16:34:00,7.0975,7.185,7.0975,7.15625,76330,0,2,2,2
20251022 16:35:00,7.155,7.17,7.13,7.1525,25798,0,2,2,0
20251022 16:36:00,7.155,7.16,7.13,7.1475,12052,0,2,2,0
20251022 16:37:00,7.15,7.15,7.114,7.136,17254,0,2,2,0
20251022 16:38:00,7.14,7.14,7.11,7.122475,8742,0,2,2,0
20251022 16:39:00,7.11995,7.1298,7.118,7.1232,9090,0,2,2,0
20251022 16:40:00,7.1225,7.125,7.1099,7.1162,27377,0,2,2,0
20251022 16:41:00,7.11495,7.115,7.08,7.10625,14969,0,2,2,0
20251022 16:42:00,7.115,7.12,7.085,7.103749,16997,0,2,2,0
20251022 16:43:00,7.105,7.105,7.07,7.0793,11519,0,2,2,1
20251022 16:44:00,7.0793,7.105,7.0793,7.09375,20902,0,2,2,0
20251022 16:45:00,7.09,7.135,7.09,7.115,16246,0,2,2,0
20251022 16:46:00,7.1175,7.15,7.1175,7.136225,7703,0,2,2,2
20251022 16:47:00,7.13495,7.1499,7.12,7.132475,6608,0,2,2,0
20251022 16:48:00,7.13,7.13,7.1003,7.11755,11411,0,2,2,0
20251022 16:49:00,7.11995,7.11995,7.08,7.09375,17499,0,2,2,1
20251022 16:50:00,7.095,7.12,7.085,7.10125,19082,0,2,2,0
20251022 16:51:00,7.1,7.11,7.08,7.0988,23098,0,2,2,1
20251022 16:52:00,7.1026,7.115,7.0945,7.104875,13503,0,2,2,0
20251022 16:53:00,7.105,7.15,7.105,7.132825,10670,0,2,2,0
20251022 16:54:00,7.12785,7.1797,7.12785,7.158925,30505,0,2,2,0
20251022 16:55:00,7.15985,7.21,7.15985,7.19,119104,0,2,2,2
20251022 16:56:00,7.185,7.2098,7.185,7.2024,20150,0,2,2,0
20251022 16:57:00,7.2049,7.21,7.1901,7.20005,19380,0,2,2,0
20251022 16:58:00,7.20005,7.22,7.195,7.20875,9780,0,2,2,2
20251022 16:59:00,7.21,7.21,7.17,7.18625,11866,0,2,2,1
20251022 17:00:00,7.1875,7.1875,7.175,7.18125,19513,0,2,2,0
20251022 17:01:00,7.1825,7.2001,7.1825,7.190025,17092,0,2,2,0
20251022 17:02:00,7.1875,7.1875,7.16,7.17,10670,0,2,2,1
20251022 17:03:00,7.17,7.1799,7.165,7.1737,4883,0,2,2,0
20251022 17:04:00,7.17495,7.17495,7.16,7.16605,19638,0,2,2,0
20251022 17:05:00,7.16715,7.17,7.155,7.16125,6707,0,2,2,0
20251022 17:06:00,7.16,7.175,7.149,7.16475,88510,0,2,2,0
20251022 17:07:00,7.1675,7.1675,7.13,7.1525,15613,0,2,2,0
20251022 17:08:00,7.1575,7.17,7.1301,7.147475,12853,0,2,2,0
20251022 17:09:00,7.1449,7.1449,7.11,7.127501,26445,0,2,2,1
20251022 17:10:00,7.1325,7.16,7.1311,7.150275,40436,0,2,2,0
20251022 17:11:00,7.155,7.17,7.155,7.165,13683,0,2,2,0
20251022 17:12:00,7.165,7.195,7.155,7.165,39828,0,2,2,2
20251022 17:13:00,7.155,7.155,7.1144,7.132401,5144,0,2,2,0
20251022 17:14:00,7.13255,7.13255,7.09,7.1,19502,0,2,2,0
20251022 17:15:00,7.1,7.1,7.0787,7.084675,33578,0,2,2,0
20251022 17:16:00,7.085,7.085,7.05,7.067475,16739,0,2,2,1
20251022 17:17:00,7.07005,7.1,7.07005,7.08925,13761,0,2,2,0
20251022 17:18:00,7.0885,7.0999,7.06,7.07875,76469,0,2,2,0
20251022 17:19:00,7.07755,7.07755,7.06,7.0653,4991,0,2,2,0
20251022 17:20:00,7.0656,7.0656,7.04,7.05375,48009,0,2,2,0
20251022 17:21:00,7.055,7.065,7.035,7.048475,37131,0,2,2,1
20251022 17:22:00,7.04695,7.065,7.045,7.055,7147,0,2,2,0
20251022 17:23:00,7.055,7.07,7.0501,7.06,17573,0,2,2,2
20251022 17:24:00,7.05995,7.05995,7.035,7.047025,19161,0,2,2,0
20251022 17:25:00,7.0483,7.053,7.04,7.049,14139,0,2,2,0
20251022 17:26:00,7.0515,7.055,7.03,7.04125,13765,0,2,2,0
20251022 17:27:00,7.04,7.045,7.02,7.0353,56561,0,2,2,1
20251022 17:28:00,7.0381,7.05,7.02,7.0325,60574,0,2,2,1
20251022 17:29:00,7.03,7.0499,7.025,7.03745,9737,0,2,2,0
20251022 17:30:00,7.03745,7.05,7.0227,7.036274,18659,0,2,2,2
20251022 17:31:00,7.0362,7.04,7.025,7.032875,20496,0,2,2,0
20251022 17:32:00,7.03325,7.04,7.02,7.028825,33019,0,2,2,1
20251022 17:33:00,7.02765,7.06,7.025,7.0422,18091,0,2,2,0
20251022 17:34:00,7.0419,7.0879,7.0419,7.0696,22011,0,2,2,0
20251022 17:35:00,7.06925,7.09,7.05,7.0706,28547,0,2,2,2
20251022 17:36:00,7.0712,7.0712,7.05,7.0545,6742,0,2,2,0
20251022 17:37:00,7.054,7.0556,7.045,7.0503,17170,0,2,2,0
20251022 17:38:00,7.0503,7.055,7.0303,7.04485,35141,0,2,2,0
20251022 17:39:00,7.04705,7.05,7.0301,7.04005,7789,0,2,2,0
20251022 17:40:00,7.04005,7.04005,7.015,7.029425,7306,0,2,2,1
20251022 17:41:00,7.0325,7.045,7.0301,7.037525,20860,0,2,2,0
20251022 17:42:00,7.0375,7.0399,7.03,7.033025,8974,0,2,2,0
20251022 17:43:00,7.0311,7.045,7.0311,7.038775,8130,0,2,2,0
20251022 17:44:00,7.03755,7.075,7.03755,7.05875,23681,0,2,2,0
20251022 17:45:00,7.06,7.1299,7.06,7.104975,42551,0,2,2,0
20251022 17:46:00,7.1025,7.13,7.1025,7.115125,28142,0,2,2,0
20251022 17:47:00,7.11275,7.16,7.1001,7.127525,10859,0,2,2,0
20251022 17:48:00,7.125,7.1699,7.125,7.156301,21451,0,2,2,2
20251022 17:49:00,7.15425,7.1599,7.1456,7.152625,9476,0,2,2,0
20251022 17:50:00,7.1525,7.16,7.1301,7.14755,5774,0,2,2,0
20251022 17:51:00,7.15005,7.16,7.1292,7.14085,34163,0,2,2,0
20251022 17:52:00,7.1371,7.1371,7.11,7.121225,17342,0,2,2,0
20251022 17:53:00,7.1225,7.1242,7.1,7.1171,20871,0,2,2,0
20251022 17:54:00,7.1221,7.13,7.1,7.115025,22613,0,2,2,0
20251022 17:55:00,7.11505,7.12,7.07,7.0925,42728,0,2,2,1
20251022 17:56:00,7.09,7.11,7.08,7.096275,17265,0,2,2,0
20251022 17:57:00,7.09755,7.1099,7.09,7.101225,42984,0,2,2,0
20251022 17:58:00,7.1025,7.12,7.0999,7.1062,47581,0,2,2,0
20251022 17:59:00,7.10245,7.1399,7.10245,7.1226,5412,0,2,2,0
20251022 18:00:00,7.12275,7.1544,7.12275,7.142325,10914,0,2,2,0
20251022 18:01:00,7.1424,7.16,7.14,7.1522,9613,0,2,2,2
20251022 18:02:00,7.1544,7.16,7.13,7.1458,38561,0,2,2,2
20251022 18:03:00,7.1466,7.16,7.13,7.13875,33613,0,2,2,2
20251022 18:04:00,7.1325,7.1442,7.13,7.13605,7713,0,2,2,0
20251022 18:05:00,7.135,7.16,7.125,7.136225,22856,0,2,2,0
20251022 18:06:00,7.12995,7.15,7.12,7.135,7084,0,2,2,1
20251022 18:07:00,7.135,7.167,7.13,7.14425,7146,0,2,2,2
20251022 18:08:00,7.14,7.14,7.1201,7.131275,6837,0,2,2,0
20251022 18:09:00,7.135,7.15,7.125,7.13625,26026,0,2,2,0
20251022 18:10:00,7.135,7.14,7.1349,7.137475,1934,0,2,2,0
20251022 18:11:00,7.1375,7.14,7.11,7.13125,31278,0,2,2,1
20251022 18:12:00,7.1375,7.1499,7.12,7.13605,14078,0,2,2,0
20251022 18:13:00,7.13715,7.14,7.125,7.12875,4254,0,2,2,0
20251022 18:14:00,7.125,7.125,7.1,7.1125,6548,0,2,2,0
20251022 18:15:00,7.115,7.115,7.0901,7.100525,9241,0,2,2,0
20251022 18:16:00,7.1035,7.105,7.0801,7.095,8999,0,2,2,0
20251022 18:17:00,7.09745,7.09745,7.065,7.0814,16888,0,2,2,1
20251022 18:18:00,7.0853,7.0853,7.0745,7.07975,4999,0,2,2,0
20251022 18:19:00,7.07975,7.085,7.07975,7.08125,9024,0,2,2,0
20251022 18:20:00,7.08,7.1299,7.0799,7.1051,23727,0,2,2,0
20251022 18:21:00,7.1053,7.2,7.1053,7.165,41991,0,2,2,2
20251022 18:22:00,7.165,7.2,7.165,7.1825,26936,0,2,2,2
20251022 18:23:00,7.1825,7.1825,7.1499,7.158725,27190,0,2,2,0
20251022 18:24:00,7.16,7.1958,7.16,7.1777,19307,0,2,2,0
20251022 18:25:00,7.1775,7.2,7.1775,7.196876,16519,0,2,2,2
20251022 18:26:00,7.19865,7.2,7.185,7.19305,18112,0,2,2,2
20251022 18:27:00,7.1936,7.1999,7.1801,7.18755,7334,0,2,2,0
20251022 18:28:00,7.1851,7.1999,7.1851,7.192625,17513,0,2,2,0
20251022 18:29:00,7.1925,7.195,7.1899,7.19245,5564,0,2,2,0
20251022 18:30:00,7.19245,7.19245,7.17,7.18,16157,0,2,2,0
20251022 18:31:00,7.1825,7.185,7.165,7.17625,10640,0,2,2,0
20251022 18:32:00,7.1775,7.1775,7.16,7.165375,4511,0,2,2,1
20251022 18:33:00,7.16575,7.19,7.16575,7.174925,14911,0,2,2,0
20251022 18:34:00,7.16995,7.195,7.16995,7.1812,16564,0,2,2,2
20251022 18:35:00,7.1774,7.1888,7.17,7.1772,14295,0,2,2,0
20251022 18:36:00,7.175,7.185,7.1617,7.175425,14791,0,2,2,1
20251022 18:37:00,7.1775,7.19,7.1701,7.18005,21057,0,2,2,0
20251022 18:38:00,7.18005,7.1956,7.17,7.1853,16176,0,2,2,0
20251022 18:39:00,7.1878,7.19,7.185,7.1875,13995,0,2,2,0
20251022 18:40:00,7.1875,7.2,7.185,7.189975,20683,0,2,2,0
20251022 18:41:00,7.18745,7.2,7.17,7.1875,3930,0,2,2,1
20251022 18:42:00,7.19,7.2277,7.19,7.215675,25113,0,2,2,0
20251022 18:43:00,7.215,7.2499,7.215,7.2348,22079,0,2,2,2
20251022 18:44:00,7.2348,7.245,7.22,7.231275,21840,0,2,2,0
20251022 18:45:00,7.23005,7.238,7.2199,7.224475,19009,0,2,2,0
20251022 18:46:00,7.22,7.24,7.22,7.2325,6430,0,2,2,0
20251022 18:47:00,7.2325,7.235,7.215,7.228,4193,0,2,2,1
20251022 18:48:00,7.231,7.2388,7.22,7.229825,8819,0,2,2,0
20251022 18:49:00,7.23025,7.26,7.23025,7.2475,11977,0,2,2,2
20251022 18:50:00,7.2475,7.249,7.22,7.237,12956,0,2,2,0
20251022 18:51:00,7.2395,7.24,7.22,7.23125,20586,0,2,2,1
20251022 18:52:00,7.2325,7.2444,7.2266,7.232725,6831,0,2,2,0
20251022 18:53:00,7.22995,7.245,7.22995,7.23625,6713,0,2,2,0
20251022 18:54:00,7.235,7.2697,7.235,7.2586,15040,0,2,2,0
20251022 18:55:00,7.25985,7.27,7.25,7.26375,14878,0,2,2,0
20251022 18:56:00,7.2675,7.2675,7.255,7.25875,8446,0,2,2,0
20251022 18:57:00,7.26,7.2701,7.23,7.24815,106285,0,2,2,1
20251022 18:58:00,7.24625,7.2499,7.2301,7.23945,11151,0,2,2,0
20251022 18:59:00,7.2389,7.255,7.2301,7.2413,11792,0,2,2,0
20251022 19:00:00,7.24005,7.2769,7.24005,7.2683,7297,0,2,2,0
20251022 19:01:00,7.26815,7.2801,7.2344,7.2632,28243,0,2,2,2
20251022 19:02:00,7.26915,7.26915,7.25,7.257475,11320,0,2,2,0
20251022 19:03:00,7.25995,7.28,7.2535,7.267125,25857,0,2,2,0
20251022 19:04:00,7.2675,7.305,7.2675,7.297475,27131,0,2,2,0
20251022 19:05:00,7.2975,7.348,7.2975,7.325425,72370,0,2,2,0
20251022 19:06:00,7.32735,7.345,7.325,7.33625,13793,0,2,2,0
20251022 19:07:00,7.3375,7.38,7.3375,7.35505,53982,0,2,2,2
20251022 19:08:00,7.3501,7.375,7.3501,7.365,17512,0,2,2,0
20251022 19:09:00,7.3625,7.37,7.355,7.360875,14616,0,2,2,0
20251022 19:10:00,7.35925,7.35925,7.33,7.3445,27405,0,2,2,1
20251022 19:11:00,7.3465,7.36,7.34,7.35,8440,0,2,2,0
20251022 19:12:00,7.35,7.365,7.335,7.35125,18914,0,2,2,0
20251022 19:13:00,7.3525,7.3525,7.33,7.340025,8934,0,2,2,1
20251022 19:14:00,7.3411,7.365,7.34,7.34875,16880,0,2,2,0
20251022 19:15:00,7.345,7.36,7.345,7.3525,16987,0,2,2,0
20251022 19:16:00,7.35,7.3685,7.35,7.362125,12962,0,2,2,0
20251022 19:17:00,7.36,7.385,7.3599,7.37245,28692,0,2,2,0
20251022 19:18:00,7.37245,7.39,7.37245,7.38475,20752,0,2,2,0
20251022 19:19:00,7.387,7.4299,7.387,7.408725,26376,0,2,2,0
20251022 19:20:00,7.4075,7.4399,7.4075,7.427325,16997,0,2,2,0
20251022 19:21:00,7.4247,7.439,7.4225,7.430375,8557,0,2,2,0
20251022 19:22:00,7.43,7.44,7.4223,7.433075,34912,0,2,2,2
20251022 19:23:00,7.435,7.435,7.42,7.42835,10064,0,2,2,0
20251022 19:24:00,7.4292,7.44,7.4244,7.4292,15627,0,2,2,2
20251022 19:25:00,7.4262,7.43,7.38,7.404225,49903,0,2,2,1
20251022 19:26:00,7.40345,7.405,7.39,7.394275,18911,0,2,2,0
20251022 19:27:00,7.39105,7.41,7.39105,7.39865,4657,0,2,2,0
20251022 19:28:00,7.39615,7.41,7.39615,7.403775,25650,0,2,2,0
20251022 19:29:00,7.40255,7.4099,7.39,7.399775,21552,0,2,2,1
20251022 19:30:00,7.3996,7.3997,7.3935,7.3958,9437,0,2,2,0
20251022 19:31:00,7.395,7.4,7.3944,7.39595,5844,0,2,2,0
20251022 19:32:00,7.3947,7.44,7.3947,7.4188,40526,0,2,2,0
20251022 19:33:00,7.4188,7.4499,7.4188,7.440225,38725,0,2,2,0
20251022 19:34:00,7.44225,7.46,7.44225,7.45365,19041,0,2,2,0
20251022 19:35:00,7.4548,7.4699,7.4446,7.45735,35695,0,2,2,0
20251022 19:36:00,7.45745,7.48,7.45,7.466875,19194,0,2,2,0
20251022 19:37:00,7.46875,7.485,7.46875,7.48005,88531,0,2,2,0
20251022 19:38:00,7.482,7.5,7.482,7.4918,55364,0,2,2,2
20251022 19:39:00,7.4925,7.495,7.47,7.4825,48252,0,2,2,0
20251022 19:40:00,7.4825,7.4825,7.44,7.45265,27613,0,2,2,0
20251022 19:41:00,7.4528,7.46,7.4225,7.438126,34850,0,2,2,0
20251022 19:42:00,7.435,7.45,7.415,7.433175,26824,0,2,2,1
20251022 19:43:00,7.43385,7.44,7.43,7.435,16954,0,2,2,0
20251022 19:44:00,7.435,7.45,7.43,7.43625,47205,0,2,2,0
20251022 19:45:00,7.4325,7.435,7.425,7.43,17489,0,2,2,0
20251022 19:46:00,7.43,7.435,7.415,7.425,44080,0,2,2,0
20251022 19:47:00,7.425,7.43,7.41,7.42125,32279,0,2,2,1
20251022 19:48:00,7.4225,7.43,7.4122,7.421425,18773,0,2,2,0
20251022 19:49:00,7.42175,7.44,7.42175,7.431251,3658,0,2,2,0
20251022 19:50:00,7.43,7.47,7.43,7.44875,33658,0,2,2,0
20251022 19:51:00,7.4425,7.47,7.4399,7.454975,45660,0,2,2,0
20251022 19:52:00,7.455,7.48,7.44,7.45875,37985,0,2,2,2
20251022 19:53:00,7.4575,7.4575,7.43,7.439975,12340,0,2,2,1
20251022 19:54:00,7.44,7.46,7.435,7.446249,37094,0,2,2,0
20251022 19:55:00,7.445,7.45,7.43,7.44125,45887,0,2,2,0
20251022 19:56:00,7.4425,7.4425,7.415,7.42565,37608,0,2,2,0
20251022 19:57:00,7.4238,7.435,7.405,7.415,107843,0,2,2,0
20251022 19:58:00,7.41,7.43,7.4,7.41625,74396,0,2,2,0
20251022 19:59:00,7.4175,7.435,7.36,7.396275,129780,0,2,2,1
20251022 20:00:00,7.39505,7.39505,7.3602,7.3651,198194,0,2,2,0
20251022 20:01:00,7.3651,7.38,7.3651,7.38,0,0,2,2,0
20251022 20:02:00,7.38,7.38,7.37,7.375,0,0,2,2,0
20251022 20:03:00,7.375,7.375,7.37,7.3701,0,0,2,2,0
20251022 20:04:00,7.3701,7.4,7.37,7.385,0,0,2,2,0
20251022 20:05:00,7.385,7.4,7.385,7.4,0,0,2,2,0
20251022 20:06:00,7.4,7.41,7.39,7.4,0,0,2,2,2
20251022 20:07:00,7.4,7.4,7.38,7.38,0,0,2,2,0
20251022 20:08:00,7.38,7.39,7.38,7.385,0,0,2,2,0
20251022 20:09:00,7.385,7.39,7.37,7.38,0,0,2,2,1
20251022 20:10:00,7.38,7.39,7.37,7.385,0,0,2,2,1
20251022 20:11:00,7.39,7.39,7.37,7.38,0,0,2,2,1
20251022 20:12:00,7.38,7.39,7.38,7.385,0,0,2,2,2
20251022 20:13:00,7.385,7.385,7.3799,7.37995,0,0,2,2,0
20251022 20:14:00,7.37995,7.37995,7.36,7.36,0,0,2,2,1
20251022 20:15:00,7.36,7.3797,7.36,7.37955,0,0,2,2,1
20251022 20:16:00,7.37955,7.37955,7.36,7.36745,0,0,2,2,1
20251022 20:17:00,7.3699,7.37,7.3699,7.37,0,0,2,2,0
20251022 20:18:00,7.37,7.37,7.3699,7.36995,0,0,2,2,0
20251022 20:19:00,7.36995,7.36995,7.34,7.3475,0,0,2,2,1
20251022 20:20:00,7.35,7.36,7.34,7.35,0,0,2,2,0
20251022 20:21:00,7.35,7.36,7.34,7.345,0,0,2,2,0
20251022 20:22:00,7.34,7.35,7.33,7.3375,0,0,2,2,1
20251022 20:23:00,7.335,7.35,7.335,7.35,0,0,2,2,0
20251022 20:24:00,7.35,7.35,7.33,7.33985,0,0,2,2,1
20251022 20:25:00,7.3397,7.35,7.3397,7.35,0,0,2,2,2
20251022 20:26:00,7.35,7.35,7.35,7.35,0,0,2,2,2
20251022 20:27:00,7.35,7.35,7.33,7.335025,0,0,2,2,1
20251022 20:28:00,7.335,7.34,7.33,7.3375,0,0,2,2,1
20251022 20:29:00,7.34,7.34,7.3397,7.3397,0,0,2,2,0
20251022 20:30:00,7.3397,7.34,7.3397,7.34,0,0,2,2,0
20251022 20:31:00,7.34,7.34,7.33,7.33,0,0,2,2,1
20251022 20:32:00,7.33,7.3301,7.33,7.33005,0,0,2,2,0
20251022 20:33:00,7.33005,7.3398,7.33005,7.3398,0,0,2,2,0
20251022 20:34:00,7.3398,7.3398,7.32,7.325025,0,0,2,2,0
20251022 20:36:00,7.325,7.33,7.32,7.325,0,0,2,2,0
20251022 20:38:00,7.325,7.325,7.31,7.31,0,0,2,2,1
20251022 20:39:00,7.31,7.33,7.31,7.320075,0,0,2,2,1
20251022 20:40:00,7.32015,7.3293,7.32015,7.3293,0,0,2,2,0
20251022 20:41:00,7.3293,7.33,7.3293,7.33,0,0,2,2,2
20251022 20:42:00,7.33,7.33,7.31,7.315,0,0,2,2,1
20251022 20:43:00,7.315,7.32,7.31,7.315,0,0,2,2,1
20251022 20:44:00,7.315,7.32,7.315,7.32,0,0,2,2,0
20251022 20:45:00,7.32,7.3293,7.32,7.3293,0,0,2,2,0
20251022 20:46:00,7.3293,7.33,7.3293,7.33,0,0,2,2,2
20251022 20:47:00,7.33,7.33,7.3299,7.329975,0,0,2,2,2
20251022 20:48:00,7.33,7.33,7.32,7.325,0,0,2,2,1
20251022 20:49:00,7.325,7.3297,7.32,7.32485,0,0,2,2,1
20251022 20:50:00,7.32485,7.34,7.32485,7.34,0,0,2,2,0
20251022 20:51:00,7.34,7.35,7.34,7.34995,0,0,2,2,2
20251022 20:52:00,7.34995,7.35,7.3499,7.34995,0,0,2,2,2
20251022 20:53:00,7.34995,7.35,7.3499,7.34995,0,0,2,2,0
20251022 20:54:00,7.34995,7.35,7.34995,7.35,0,0,2,2,0
20251022 20:55:00,7.35,7.36,7.34,7.34995,0,0,2,2,1
20251022 20:56:00,7.3499,7.36,7.3499,7.36,0,0,2,2,2
20251022 20:57:00,7.36,7.36,7.3592,7.359625,0,0,2,2,2
20251022 20:58:00,7.35965,7.36,7.35,7.355,0,0,2,2,0
20251022 21:00:00,7.355,7.36,7.355,7.35985,0,0,2,2,0
20251022 21:01:00,7.35985,7.37,7.35985,7.37,0,0,2,2,0
20251022 21:02:00,7.37,7.39,7.37,7.385,0,0,2,2,2
20251022 21:03:00,7.39,7.39,7.39,7.39,0,0,2,2,2
20251022 21:04:00,7.39,7.39,7.38,7.38,0,0,2,2,2
20251022 21:06:00,7.38,7.39,7.38,7.39,0,0,2,2,2
20251022 21:08:00,7.39,7.39,7.3898,7.3899,0,0,2,2,2
20251022 21:09:00,7.3899,7.39,7.3899,7.38995,0,0,2,2,2
20251022 21:10:00,7.38995,7.39,7.38995,7.39,0,0,2,2,2
20251022 21:12:00,7.39,7.39,7.39,7.39,0,0,2,2,2
20251022 21:13:00,7.39,7.39,7.38,7.38,0,0,2,2,1
20251022 21:14:00,7.38,7.39,7.38,7.39,0,0,2,2,2
20251022 21:15:00,7.39,7.39,7.39,7.39,0,0,2,2,2
20251022 21:16:00,7.39,7.39,7.36,7.3725,0,0,2,2,1
20251022 21:17:00,7.375,7.375,7.37,7.37,0,0,2,2,0
20251022 21:18:00,7.37,7.38,7.37,7.375,0,0,2,2,0
20251022 21:20:00,7.375,7.38,7.36,7.37,0,0,2,2,0
20251022 21:21:00,7.37,7.37,7.3594,7.35965,0,0,2,2,0
20251022 21:23:00,7.35965,7.36,7.3406,7.35265,0,0,2,2,0
20251022 21:24:00,7.355,7.36,7.34,7.35,0,0,2,2,1
20251022 21:25:00,7.35,7.36,7.35,7.36,0,0,2,2,0
20251022 21:26:00,7.36,7.36,7.35,7.35,0,0,2,2,2
20251022 21:27:00,7.35,7.36,7.35,7.35995,0,0,2,2,2
20251022 21:28:00,7.35995,7.35995,7.34,7.3449,0,0,2,2,1
20251022 21:29:00,7.34,7.36,7.34,7.355,0,0,2,2,1
20251022 21:31:00,7.355,7.355,7.35,7.35,0,0,2,2,0
20251022 21:32:00,7.35,7.35,7.34,7.34,0,0,2,2,1
20251022 21:33:00,7.34,7.35,7.34,7.35,0,0,2,2,1
20251022 21:34:00,7.35,7.35,7.35,7.35,0,0,2,2,0
20251022 21:36:00,7.35,7.39,7.35,7.39,0,0,2,2,2
20251022 21:37:00,7.39,7.39,7.39,7.39,0,0,2,2,2
20251022 21:38:00,7.39,7.39,7.39,7.39,0,0,2,2,2
20251022 21:39:00,7.39,7.39,7.39,7.39,0,0,2,2,2
20251022 21:40:00,7.39,7.39,7.38,7.3827,0,0,2,2,1
20251022 21:41:00,7.3827,7.39,7.3827,7.39,0,0,2,2,2
20251022 21:42:00,7.39,7.39,7.39,7.39,0,0,2,2,2
20251022 21:46:00,7.39,7.39,7.39,7.39,0,0,2,2,2
20251022 21:47:00,7.39,7.39,7.3885,7.38925,0,0,2,2,2
20251022 21:48:00,7.38925,7.39,7.38,7.385,0,0,2,2,2
20251022 21:50:00,7.385,7.3899,7.385,7.3899,0,0,2,2,0
20251022 21:52:00,7.3899,7.3899,7.36,7.36,0,0,2,2,0
20251022 21:53:00,7.36,7.37,7.35,7.3625,0,0,2,2,1
20251022 21:54:00,7.365,7.39,7.365,7.39,0,0,2,2,0
20251022 21:55:00,7.39,7.39,7.38,7.387175,0,0,2,2,0
20251022 21:57:00,7.38935,7.3907,7.38935,7.3907,0,0,2,2,0
20251022 21:58:00,7.3907,7.44,7.3907,7.43945,0,0,2,2,2
20251022 21:59:00,7.43945,7.44,7.43,7.435,0,0,2,2,2
20251022 22:00:00,7.435,7.435,7.39,7.39085,0,0,2,2,0
20251022 22:01:00,7.39085,7.39085,7.39,7.3902,0,0,2,2,1
20251022 22:02:00,7.3902,7.3915,7.39,7.39075,0,0,2,2,1
20251022 22:05:00,7.39075,7.44,7.39075,7.44,0,0,2,2,2
20251022 22:07:00,7.44,7.44,7.42,7.43,0,0,2,2,2
20251022 22:08:00,7.43,7.43,7.3901,7.40505,0,0,2,2,0
20251022 22:09:00,7.40505,7.44,7.3917,7.417925,0,0,2,2,2
20251022 22:10:00,7.42,7.42,7.3998,7.3998,0,0,2,2,0
20251022 22:12:00,7.3998,7.4,7.3998,7.3999,0,0,2,2,0
20251022 22:13:00,7.3999,7.4,7.3901,7.39505,0,0,2,2,1
20251022 22:14:00,7.39505,7.3999,7.39505,7.3999,0,0,2,2,0
20251022 22:15:00,7.3999,7.4,7.3987,7.39935,0,0,2,2,0
20251022 22:16:00,7.39935,7.44,7.39935,7.44,0,0,2,2,2
20251022 22:17:00,7.44,7.44,7.44,7.44,0,0,2,2,2
20251022 22:18:00,7.44,7.44,7.42,7.42,0,0,2,2,2
20251022 22:19:00,7.42,7.42,7.41,7.415,0,0,2,2,0
20251022 22:20:00,7.415,7.44,7.415,7.43965,0,0,2,2,2
20251022 22:21:00,7.44,7.44,7.4137,7.42685,0,0,2,2,2
20251022 22:23:00,7.42685,7.44,7.42685,7.44,0,0,2,2,2
20251022 22:24:00,7.44,7.44,7.44,7.44,0,0,2,2,2
20251022 22:25:00,7.44,7.44,7.43,7.435,0,0,2,2,2
20251022 22:26:00,7.435,7.435,7.43,7.43,0,0,2,2,0
20251022 22:27:00,7.43,7.43,7.4,7.414825,0,0,2,2,1
20251022 22:29:00,7.41465,7.43,7.41465,7.43,0,0,2,2,0
20251022 22:31:00,7.43,7.43,7.43,7.43,0,0,2,2,0
20251022 22:32:00,7.43,7.44,7.43,7.44,0,0,2,2,0
20251022 22:35:00,7.44,7.44,7.44,7.44,0,0,2,2,0
20251022 22:36:00,7.44,7.4408,7.44,7.44065,0,0,2,2,0
20251022 22:37:00,7.44065,7.45,7.44065,7.45,0,0,2,2,0
20251022 22:38:00,7.45,7.4611,7.45,7.4611,0,0,2,2,0
20251022 22:39:00,7.4611,7.48,7.45,7.465,0,0,2,2,2
20251022 22:40:00,7.465,7.48,7.465,7.4751,0,0,2,2,2
20251022 22:43:00,7.47515,7.47515,7.4705,7.4705,0,0,2,2,0
20251022 22:44:00,7.4705,7.48,7.4703,7.47515,0,0,2,2,2
20251022 22:45:00,7.47515,7.48,7.47515,7.48,0,0,2,2,0
20251022 22:46:00,7.48,7.48,7.47,7.475075,0,0,2,2,1
20251022 22:47:00,7.47515,7.49,7.47515,7.49,0,0,2,2,2
20251022 22:48:00,7.49,7.49,7.48,7.484925,0,0,2,2,2
20251022 22:49:00,7.48485,7.49,7.48485,7.49,0,0,2,2,2
20251022 22:50:00,7.49,7.49,7.48,7.485,0,0,2,2,2
20251022 22:51:00,7.485,7.4898,7.48,7.4849,0,0,2,2,1
20251022 22:52:00,7.4849,7.49,7.48,7.485,0,0,2,2,1
20251022 22:53:00,7.485,7.51,7.485,7.5,0,0,2,2,2
20251022 22:54:00,7.5,7.51,7.5,7.51,0,0,2,2,0
20251022 22:55:00,7.51,7.51,7.51,7.51,0,0,2,2,0
20251022 22:56:00,7.51,7.5762,7.51,7.5431,0,0,2,2,2
20251022 22:57:00,7.5431,7.57,7.5116,7.5333,0,0,2,2,0
20251022 22:58:00,7.5258,7.56,7.5258,7.5549,0,0,2,2,0
20251022 22:59:00,7.5549,7.5702,7.5136,7.5419,0,0,2,2,0
20251022 23:00:00,7.5419,7.55,7.5,7.5325,0,0,2,2,1
20251022 23:01:00,7.54,7.57,7.54,7.565,0,0,2,2,0
20251022 23:02:00,7.565,7.565,7.5599,7.5599,0,0,2,2,0
20251022 23:03:00,7.5599,7.5599,7.55,7.55,0,0,2,2,0
20251022 23:04:00,7.55,7.55,7.5185,7.5185,0,0,2,2,0
20251022 23:05:00,7.5185,7.5185,7.48,7.485,0,0,2,2,1
20251022 23:06:00,7.485,7.555,7.485,7.5525,0,0,2,2,0
20251022 23:07:00,7.5525,7.56,7.55,7.5525,0,0,2,2,2
20251022 23:09:00,7.55,7.5505,7.55,7.5505,0,0,2,2,0
20251022 23:10:00,7.5505,7.56,7.55,7.555,0,0,2,2,2
20251022 23:11:00,7.555,7.56,7.52,7.54,0,0,2,2,1
20251022 23:12:00,7.54,7.56,7.54,7.56,0,0,2,2,2
20251022 23:13:00,7.56,7.56,7.56,7.56,0,0,2,2,0
20251022 23:14:00,7.56,7.56,7.5582,7.55955,0,0,2,2,0
20251022 23:15:00,7.56,7.5603,7.56,7.5603,0,0,2,2,0
20251022 23:16:00,7.5603,7.57,7.56,7.56495,0,0,2,2,2
20251022 23:17:00,7.5649,7.57,7.55,7.564825,0,0,2,2,2
20251022 23:18:00,7.56965,7.56965,7.5,7.525,0,0,2,2,1
20251022 23:20:00,7.525,7.5274,7.525,7.5274,0,0,2,2,0
20251022 23:21:00,7.5274,7.54,7.52,7.53,0,0,2,2,0
20251022 23:22:00,7.53,7.5362,7.53,7.53155,0,0,2,2,0
20251022 23:23:00,7.53,7.54,7.53,7.5395,0,0,2,2,2
20251022 23:24:00,7.5395,7.54,7.5395,7.54,0,0,2,2,2
20251022 23:25:00,7.54,7.54,7.5,7.519675,0,0,2,2,1
20251022 23:26:00,7.51985,7.52,7.51985,7.52,0,0,2,2,0
20251022 23:27:00,7.52,7.56,7.52,7.555,0,0,2,2,0
20251022 23:28:00,7.555,7.5696,7.5406,7.5551,0,0,2,2,0
20251022 23:29:00,7.5551,7.57,7.5551,7.57,0,0,2,2,2
20251022 23:30:00,7.57,7.57,7.54,7.54,0,0,2,2,2
20251022 23:32:00,7.54,7.56,7.5,7.53,0,0,2,2,1
20251022 23:33:00,7.53,7.56,7.5001,7.53005,0,0,2,2,0
20251022 23:34:00,7.53005,7.5499,7.53,7.5446,0,0,2,2,0
20251022 23:35:00,7.54925,7.56,7.54925,7.5595,0,0,2,2,2
20251022 23:36:00,7.5595,7.56,7.5595,7.56,0,0,2,2,2
20251022 23:37:00,7.56,7.56,7.5599,7.5599,0,0,2,2,2
20251022 23:39:00,7.5599,7.56,7.52,7.5375,0,0,2,2,2
20251022 23:40:00,7.535,7.535,7.5,7.51485,0,0,2,2,1
20251022 23:41:00,7.5197,7.52,7.5193,7.51965,0,0,2,2,0
20251022 23:42:00,7.51965,7.51965,7.5,7.5076,0,0,2,2,1
20251022 23:43:00,7.5076,7.5076,7.5,7.5,0,0,2,2,1
20251022 23:44:00,7.5,7.5001,7.5,7.5001,0,0,2,2,1
20251022 23:45:00,7.5001,7.5001,7.5,7.5,0,0,2,2,1
20251022 23:46:00,7.5,7.501,7.5,7.50055,0,0,2,2,1
20251022 23:47:00,7.50055,7.52,7.50055,7.51035,0,0,2,2,2
20251022 23:48:00,7.51035,7.52,7.51035,7.5198,0,0,2,2,2
20251022 23:49:00,7.5198,7.52,7.5011,7.51045,0,0,2,2,2
20251022 23:50:00,7.51035,7.51035,7.5,7.5001,0,0,2,2,0
20251022 23:51:00,7.50005,7.52,7.5,7.51,0,0,2,2,2
20251022 23:52:00,7.51,7.5197,7.48,7.50485,0,0,2,2,0
20251022 23:53:00,7.50985,7.50985,7.4991,7.4991,0,0,2,2,0
20251022 23:54:00,7.4991,7.4997,7.41,7.45485,0,0,2,2,1
20251022 23:56:00,7.45485,7.45485,7.4106,7.4106,0,0,2,2,0
20251022 23:57:00,7.4106,7.4598,7.4101,7.43495,0,0,2,2,0
20251022 23:58:00,7.43495,7.46,7.41,7.4225,0,0,2,2,0
20251022 23:59:00,7.41,7.41,7.4,7.405,0,0,2,2,0
